"Wienhausen, Gabriele",AIP 197T,S319,31,3,66.7,50.0,7.83,,
"Braswell, Geoffrey E.",ANAR 135S,S319,24,6,100.0,100.0,6.50,3.83,
"Wilson, Natalie Ann",AWP 10,S319,13,8,100.0,100.0,6.75,3.38,
"Chandler, Bailee Daniele",AWP 10,S319,13,7,100.0,100.0,4.50,3.29,
"Vaughn, Kelsey Sara",AWP 10,S319,13,7,100.0,100.0,6.50,3.43,
"Haugh, Megan Nicole",AWP 10,S319,13,4,100.0,100.0,5.50,2.75,
"Falcon, Jennifer A",AWP 10,S319,13,7,83.3,100.0,5.50,3.50,
"Coulter, Jane Elisabeth",AWP 10,S319,13,8,87.5,100.0,6.50,3.25,
"Bauer, Holly Jean",AWP 10,S319,12,7,100.0,80.0,4.50,3.83,
"Gonzales, Paulina Margarita",AWP 10,S319,12,5,100.0,100.0,4.00,3.25,
"Given, William Allan",AWP 10,S319,13,5,100.0,100.0,6.00,3.75,
"Saad, Andrew S",ECE 100,S319,35,34,79.4,76.5,5.85,3.32,
"Wishard Guerra, Alison G.",EDS 115,S319,22,6,66.7,66.7,5.83,4.00,
"Black, Alison Michelle",EDS 117,S319,39,30,96.7,100.0,5.37,3.97,
"Forbes, Cheryl A",EDS 125,S319,32,3,100.0,100.0,3.50,4.00,
"Holtzman, Caren Lynn",EDS 128B,S319,24,7,100.0,100.0,5.50,4.00,
"Um, Ko Woon",MATH 2,S319,10,5,66.7,100.0,7.83,2.67,
"Jones, Miles E",MATH 3C,S319,23,17,100.0,100.0,8.85,3.18,
"Jones, Miles E",MATH 3C,S319,22,14,91.7,90.9,11.58,3.07,
"Black, Alison Michelle",SOCI 117,S319,7,3,100.0,100.0,6.50,4.00,
"Clausing, Elizabeth Sarah Frances",ANBI 135,S219,15,5,100.0,100.0,3.70,3.60,
"Parish, Steven Martin",ANSC 166,S219,165,44,100.0,97.7,4.50,3.91,3.96
"Wilder, Linnea Lorene",ANTH 2,S219,19,4,100.0,100.0,3.00,4.00,
"Kennemore, Amy Michelle",ANTH 21,S219,12,6,100.0,100.0,5.83,3.80,
"Russell, Whitney Lauren",ANTH 23,S219,27,16,100.0,100.0,5.00,3.64,4.00
"Liss, Brady James",ANTH 3,S219,16,7,100.0,100.0,4.79,3.71,
"Bozinovic, Goran",BIBC 103,S219,26,10,90.0,100.0,7.10,3.30,3.24
"Paxman, Julie Roberts",BICD 100,S219,63,58,96.6,94.8,6.84,3.50,3.49
"Petty, Emily L",BICD 110,S219,28,24,100.0,100.0,8.17,3.50,3.02
"Gustafson-Brown, Cindy",BICD 136,S219,30,16,93.8,100.0,9.75,3.06,2.65
"Rizk, Maryan Girgis Soliman",BICD 140,S219,63,24,100.0,95.7,8.24,3.65,3.45
"Wills, Christopher",BIEB 150,S219,17,9,100.0,100.0,5.61,3.67,
"Gustafson-Brown, Cindy",BILD 1,S219,96,37,80.0,80.0,9.30,3.19,2.79
"Reuther, Keefe",BILD 1,S219,59,56,98.2,100.0,6.64,3.23,3.39
"Park, Ji Young",BILD 2,S219,104,94,96.7,87.0,7.54,3.19,3.27
"Butler, Shannon Rhey",BILD 3,S219,78,66,90.9,98.5,5.35,3.33,3.12
"Reuther, Keefe",BILD 4,S219,48,44,97.6,100.0,3.85,3.77,3.75
"Mudla, Anusorn",BIMM 100,S219,117,97,94.8,94.8,8.52,3.46,2.98
"Day, Christopher D",BIMM 101,S219,33,10,100.0,100.0,9.50,3.90,3.41
"Tat, John",BIMM 110,S219,26,26,100.0,100.0,6.42,3.35,3.35
"Burg, Michael",BIMM 134,S219,252,233,96.1,97.4,6.78,3.36,3.04
"Armour, Jon Christopher",BIPN 100,S219,93,25,96.0,91.7,10.10,3.24,2.45
"Vijapurkar, Ulka",BIPN 102,S219,53,45,97.7,97.7,7.21,3.29,2.96
"Reyes Gonzalez, Catalina",BIPN 106,S219,27,23,91.3,100.0,6.50,3.30,2.69
"Smith, Ashley Elizabeth",CAT 125R,S219,113,97,90.7,95.9,4.25,3.78,3.65
"Drews, Aaron",CENG 100,S219,23,20,100.0,100.0,6.50,3.60,3.26
"Opatkiewicz, Justin Paul",CENG 114,S219,17,16,100.0,100.0,8.13,3.44,
"Herz, Richard K",CENG 15,S219,13,6,100.0,100.0,5.50,3.83,
"Nguyen, Hoang Tan",CGS 119,S219,14,4,100.0,100.0,5.17,4.00,
"Bussey, Thomas J",CHEM 114A,S219,65,11,90.0,90.0,10.70,3.70,2.86
"Kim, John Hyun Joon",CHEM 40A,S219,84,54,96.3,100.0,9.75,3.37,2.96
"Klosterman, Jeremy K",CHEM 40B,S219,54,14,64.3,76.9,11.93,2.92,2.53
"Klosterman, Jeremy K",CHEM 40C,S219,54,24,78.3,82.6,9.46,2.82,2.67
"Bussey, Thomas J",CHEM 6A,S219,85,35,100.0,96.7,6.63,3.52,2.85
"Berman, Judd Moss",CHEM 6B,S219,41,14,92.9,78.6,8.50,3.36,2.51
"Schnoebelen, Carly Lynn",CHEM 6C,S219,108,36,86.1,91.7,6.44,3.23,2.80
"Davis, Joshua Daniel",COGS 101B,S219,94,65,96.9,98.4,5.25,3.53,3.12
"Bristol, Rachel Elizabeth",COGS 101C,S219,31,28,81.5,100.0,7.39,3.40,3.26
"Allen, Michael Gordon",COGS 11,S219,17,16,93.8,93.8,4.88,3.64,
"Hoffman, Drew Ellen",COGS 14B,S219,52,14,61.5,76.9,4.35,3.38,2.77
"Pineda, Jaime A",COGS 171GS,S219,25,3,100.0,100.0,5.17,4.00,3.74
"Pineda, Jaime A",COGS 174GS,S219,25,3,100.0,100.0,3.83,4.00,3.65
"Gupta, Anjum",COGS 18,S219,104,37,89.2,70.3,6.82,3.40,3.32
"Boyle, Mary E. T.",COGS 187A,S219,61,13,75.0,90.9,5.83,3.75,3.77
"Gupta, Anjum",COGS 188,S219,35,8,85.7,85.7,6.79,3.71,3.07
"Miller, Carson Grant",COGS 3,S219,29,8,62.5,75.0,5.50,3.33,2.70
"Gluzman, Ellen Yelena",COMM 100A,S219,36,21,95.2,95.2,7.55,3.35,3.17
"Bush, Barbara Ann",COMM 100B,S219,14,11,90.9,100.0,8.86,3.73,
"Collins, Caroline Imani",COMM 103F,S219,26,19,100.0,100.0,3.34,3.95,3.63
"Walton, Jonathan Douglas",COMM 105G,S219,38,9,100.0,100.0,4.28,3.67,3.39
"Whitworth-Smith, Andrew C",COMM 109D,S219,36,32,96.9,100.0,5.31,3.43,3.36
"Cortes, Diego M",COMM 111T,S219,29,5,80.0,60.0,5.70,3.80,3.60
"Guarrasi, Ivana",COMM 170,S219,16,9,100.0,100.0,4.28,3.89,
"Cao, Yingjun",CSE 100,S219,34,26,96.2,92.3,18.88,3.08,2.87
"Braun, Oliver",CSE 101,S219,37,28,100.0,96.3,8.72,3.27,3.17
"Miranda, Gregory Joseph",CSE 11,S219,32,7,71.4,71.4,11.93,3.57,3.11
"August, Robert Henry",CSE 11,S219,27,14,100.0,100.0,10.00,3.75,3.40
"Polyzos, George C",CSE 123,S219,32,10,100.0,70.0,11.50,2.90,2.93
"Pister, Kaiser Stefan",CSE 130,S219,31,31,93.5,96.8,9.43,3.30,3.41
"Eldon, John",CSE 140,S219,48,10,87.5,75.0,10.50,3.38,3.09
"Eldon, John",CSE 140L,S219,48,9,100.0,100.0,9.17,4.00,3.35
"Tseng, Hung-Wei",CSE 141,S219,28,16,86.7,100.0,8.63,3.27,3.59
"Merrill, Devon James",CSE 141,S219,15,4,75.0,100.0,8.50,3.50,
"Tseng, Hung-Wei",CSE 141L,S219,35,12,72.7,90.9,12.14,3.27,3.25
"Merrill, Devon James",CSE 141L,S219,16,4,75.0,75.0,8.00,3.75,
"Geumlek, Joseph Donald",CSE 151,S219,34,24,100.0,100.0,8.83,3.21,3.34
"Kumar, Rakesh",CSE 190,S219,19,6,100.0,100.0,5.83,3.67,
"Bach, Quang Tran",CSE 20,S219,26,6,100.0,80.0,7.17,3.67,3.50
"Braun, Oliver",CSE 21,S219,37,32,81.3,87.5,6.56,3.00,2.72
"Bach, Quang Tran",CSE 21,S219,35,13,92.3,83.3,7.73,3.54,2.88
"Cao, Yingjun",CSE 30,S219,30,16,86.7,93.3,18.63,3.21,2.38
"Miranda, Gregory Joseph",CSE 5A,S219,37,28,96.3,100.0,6.50,3.93,3.72
"Johnston, Emily Ronay",DOC 100D,S219,11,11,100.0,100.0,5.90,3.70,
"Twomey, Robert Daniel",DSC 10,S219,51,10,88.9,100.0,10.94,3.70,3.04
"Silberman, Jack",ECE 148,S219,14,10,100.0,100.0,15.70,4.00,
"Abi Samra, Nicholas Camill",ECE 180,S219,29,16,100.0,100.0,4.23,3.80,3.48
"Morris, Karcher William",ECE 5,S219,37,22,100.0,100.0,8.59,3.82,3.86
"Famulari, Melissa",ECON 1,S219,111,72,95.7,97.1,4.67,3.28,2.90
"Famulari, Melissa",ECON 100A,S219,52,30,93.3,83.3,6.70,3.60,2.78
"Sinitsyn, Maxim",ECON 100B,S219,41,8,100.0,100.0,5.00,3.63,2.68
"Sinitsyn, Maxim",ECON 100C,S219,34,10,100.0,100.0,6.10,3.40,3.00
"Newhouse, Herbert S",ECON 109,S219,88,50,93.9,93.9,6.05,3.30,2.79
"Levkoff, Steven B.",ECON 110A,S219,35,27,92.6,84.0,7.24,3.07,2.69
"Levkoff, Steven B.",ECON 110B,S219,43,30,100.0,100.0,6.23,3.20,2.62
"Tocoian, Oana",ECON 120A,S219,18,9,88.9,100.0,7.61,3.22,
"O, Mun Pyung",ECON 120B,S219,31,27,96.3,96.3,9.31,3.50,2.98
"Nieto-Barthaburu, Augusto",ECON 131,S219,79,43,95.2,95.2,5.94,3.42,2.75
"Squires, Dale E",ECON 144,S219,62,17,100.0,100.0,6.50,3.44,3.02
"Newhouse, Herbert S",ECON 171,S219,43,23,78.3,91.3,6.93,3.38,2.66
"Zeng, Wendy Su",ECON 3,S219,43,34,97.0,93.9,5.11,3.65,3.36
"Anderson, John Charles",ECON 4,S219,7,3,100.0,100.0,5.83,4.00,
"Dean, Dallawrence Edward",EDS 25,S219,144,72,96.8,100.0,4.65,3.69,3.75
"Dean, Dallawrence Edward",EDS 25,S219,145,95,94.3,95.4,3.74,3.73,3.75
"Bagheri, Mostafa",ENG 10,S219,25,23,26.1,39.1,3.63,3.82,4.00
"Bagheri, Mostafa",ENG 10,S219,22,19,47.4,94.7,3.97,3.95,4.00
"Yazdani, Arash",ENG 10,S219,27,25,36.0,68.0,2.18,4.00,4.00
"Evdokimenko, Ekaterina",ENG 10,S219,26,22,45.5,86.4,2.59,3.95,4.00
"Yazdani, Arash",ENG 10,S219,17,14,50.0,85.7,4.21,4.00,4.00
"Choi, Esther Min",ETHN 108,S219,18,7,85.7,85.7,5.07,3.57,
"Vazquez, Cynthia",ETHN 110,S219,26,19,78.9,63.2,4.61,3.47,3.37
"Linton, Mellissa Franceska",ETHN 2,S219,96,33,89.7,96.2,3.21,3.76,3.78
"Zoumas-Morse, Christine E.",FMPH 191,S219,24,15,100.0,100.0,2.77,4.00,3.86
"Saravia, Paula F",GLBH 20,S219,25,24,87.5,83.3,4.75,3.78,3.39
"Hall, Matthew Aaron",HIEU 137,S219,20,10,88.9,100.0,2.90,3.89,3.76
"Gray, Taylor Erin",HIEU 152,S219,22,20,90.0,90.0,7.40,3.22,3.24
"Marcos, Patricia Martins",HILD 30,S219,8,4,75.0,75.0,5.50,3.00,
"Ramirez, Jorge",HILD 7C,S219,20,5,80.0,75.0,6.50,3.60,3.47
"Golan, Tal",HISC 119,S219,22,8,100.0,87.5,3.50,3.75,3.80
"Carreras, Maria Victoria",HITO 126,S219,19,11,100.0,100.0,5.77,3.45,
"Patterson, Patrick H.",HITO 156GS,S219,21,4,66.7,100.0,5.83,3.33,3.76
"Man, Simeon S",HIUS 103,S219,28,19,100.0,100.0,4.38,3.64,3.82
"Malone, Kevan Quinn",HIUS 149,S219,21,9,100.0,100.0,4.94,3.25,3.70
"Markman, Kristina",HUM 3,S219,43,33,78.8,93.9,7.95,3.00,3.09
"Patterson, Patrick H.",HUM 3GS,S219,21,3,100.0,100.0,5.50,3.50,3.96
"Caldwell, Michael Alan",HUM 4,S219,42,11,66.7,100.0,4.72,3.11,2.89
"Giordano, Kailey Nicole",HUM 5,S219,42,34,84.4,100.0,7.77,2.94,3.20
"Gagnon, Jeffrey C",INTL 190,S219,15,6,100.0,100.0,9.17,3.50,
"Samstad, James G.",INTL 190,S219,14,3,66.7,100.0,9.17,3.00,
"Martin-Cabrera, Luis",LATI 50,S219,19,7,100.0,100.0,2.79,4.00,
"Mai, Anna Christina Louisa",LIGN 101,S219,15,12,100.0,100.0,5.95,3.60,
"McIntosh, Justin Daniel",LIGN 8,S219,26,8,100.0,100.0,3.75,3.57,3.95
"Hayes, Zachary Richard",LTAM 110,S219,23,6,80.0,80.0,4.90,3.60,3.93
"Wang, Pai",LTCS 110,S219,17,12,100.0,100.0,3.90,3.67,
"Nguyen, Hoang Tan",LTCS 119,S219,22,7,66.7,66.7,12.17,3.80,3.55
"Cortes, Mayra Alejandra",LTEN 149,S219,6,3,100.0,100.0,9.17,3.67,
"Bahadori, Mohammad Yousef",MAE 101B,S219,40,10,90.0,90.0,8.90,3.00,2.96
"Bahadori, Mohammad Yousef",MAE 107,S219,56,18,72.2,55.6,7.72,3.06,2.96
"Lubarda, Marko",MAE 130A,S219,20,10,100.0,100.0,5.10,3.40,2.96
"Eliasson, Veronica",MAE 130B,S219,43,43,93.0,93.0,10.55,2.67,2.39
"Abi Ghanem, Maroun",MAE 130C,S219,23,22,90.9,100.0,5.95,3.36,3.61
"Silberman, Jack",MAE 148,S219,14,13,100.0,100.0,14.19,3.54,
"Evdokimenko, Ekaterina",MAE 20,S219,24,20,95.0,95.0,5.70,3.55,3.44
"Lubarda, Marko",MAE 8,S219,50,43,97.3,97.3,6.09,3.39,3.34
"Harel, Guershon",MATH 102,S219,25,10,88.9,77.8,11.83,3.56,2.41
"Stapleton, David John",MATH 103B,S219,35,10,75.0,87.5,9.75,3.29,2.89
"Pelayo, Alvaro",MATH 103B,S219,27,10,90.0,100.0,9.10,3.10,2.67
"Popescu, Cristian D.",MATH 105,S219,19,5,60.0,60.0,7.70,2.80,
"Pelayo, Alvaro",MATH 109,S219,25,12,83.3,100.0,8.67,3.75,2.93
"Anzaldo, Leesa B",MATH 109,S219,42,14,91.7,100.0,7.67,3.58,3.09
"Bowers, Adam R.",MATH 10B,S219,63,18,77.8,83.3,8.28,2.83,1.23
"Rotar, Vladimir",MATH 10C,S219,86,63,82.0,86.9,8.30,2.98,2.94
"Eggers, John Dietrich",MATH 120A,S219,42,5,80.0,80.0,8.50,3.60,2.80
"Chow, Bennett",MATH 130A,S219,38,13,76.9,91.7,8.81,3.38,3.39
"Behzadan, Ali",MATH 142B,S219,60,18,87.5,93.8,10.00,3.56,3.32
"Wang, Lujia",MATH 142B,S219,23,7,71.4,85.7,8.79,3.14,2.72
"Harel, Guershon",MATH 18,S219,75,25,72.0,52.0,11.78,3.44,2.40
"Rotar, Vladimir",MATH 193B,S219,18,11,100.0,100.0,8.68,3.64,
"Ciotti, Benjamin",MATH 20A,S219,19,10,87.5,87.5,8.75,3.63,
"Anzaldo, Leesa B",MATH 20B,S219,52,9,100.0,100.0,8.75,3.63,2.33
"Um, Ko Woon",MATH 20C,S219,127,41,92.1,97.3,8.13,3.19,2.64
"Tu, Yucheng",MATH 20D,S219,100,37,91.4,97.1,6.67,3.62,3.04
"Meyer, Kyle Phillip",MATH 20E,S219,75,28,85.2,63.0,9.39,3.68,2.72
"Ciotti, Benjamin",MATH 20E,S219,92,29,63.0,59.3,7.98,2.93,2.64
"Ehrich, Kristine R",MGT 103,S219,58,53,90.6,96.2,5.97,3.35,2.90
"Ehrich, Kristine R",MGT 112,S219,66,62,87.1,88.7,6.40,3.47,3.47
"Baltes, Guido H",MGT 119,S219,27,23,100.0,100.0,5.28,3.62,3.35
"Lindenberger, Wade Douglas",MGT 12,S219,53,50,100.0,100.0,3.30,3.80,3.42
"Maki, Kanetaka",MGT 121A,S219,68,56,91.1,96.4,5.13,3.68,3.38
"Anderson, John Charles",MGT 131B,S219,46,38,97.4,97.4,6.29,3.47,3.13
"Lindenberger, Wade Douglas",MGT 136,S219,19,19,100.0,100.0,7.24,3.63,
"McKay, Mary A",MGT 164GS,S219,21,20,95.0,95.0,5.20,3.45,3.70
"Chamberlain, Travis Dean",MGT 18,S219,49,44,88.6,95.5,5.85,3.24,3.13
"Dunn, Louis Jean",MGT 181,S219,63,22,85.7,95.2,4.79,3.43,3.20
"McKay, Mary A",MGT 18GS,S219,21,20,95.0,95.0,4.70,3.50,3.70
"Anderson, John Charles",MGT 4,S219,43,34,85.3,85.3,8.44,3.38,3.06
"Peterson, Johanna Lee",MMW 122,S219,79,59,55.9,81.0,9.82,3.10,3.05
"Chang, Edmond Yi-Teh",MMW 15,S219,158,93,81.6,95.2,8.06,3.33,3.50
"Miller, Caroline Louise",MUS 15,S219,26,10,88.9,88.9,2.90,4.00,3.81
"Choi, Esther Min",MUS 151,S219,16,4,50.0,75.0,4.50,3.50,
"Hsu, Jennifer Shanchen",MUS 173,S219,14,5,100.0,100.0,4.90,4.00,
"Matsuno, Michael Kento",MUS 20,S219,22,18,88.9,88.9,2.94,3.62,3.76
"Beauton, James Alan",MUS 7,S219,30,11,90.9,90.9,3.77,3.89,3.51
"Rubio, Juan David",MUS 80,S219,24,21,76.2,90.5,2.50,3.90,4.00
"Opatkiewicz, Justin Paul",NANO 114,S219,8,7,100.0,100.0,9.64,3.14,
"Herz, Richard K",NANO 15,S219,6,4,100.0,100.0,6.50,4.00,
"Davia, Cory Michael",PHIL 162,S219,24,16,93.8,100.0,4.13,3.15,3.01
"Connelly, Kathleen Ambrose",PHIL 164,S219,35,9,85.7,85.7,4.50,3.43,3.17
"Rickless, Samuel Charles",PHIL 165,S219,24,6,100.0,83.3,5.50,3.17,3.01
"Joyce, Kathryn Elizabeth",PHIL 28,S219,114,100,79.0,96.0,6.52,3.16,3.30
"Nelkin, Dana Kay",PHIL 50,S219,14,5,100.0,100.0,5.30,3.20,
"Lubin, Dan",PHYS 1A,S219,59,21,50.0,63.2,8.00,3.40,3.59
"Singh, Shruti",PHYS 1AL,S219,23,11,33.3,33.3,6.30,3.20,3.67
"Singh, Shruti",PHYS 1AL,S219,27,6,20.0,60.0,4.50,4.00,3.67
"Zdyrski, Thomas John",PHYS 1B,S219,47,37,70.3,97.3,7.69,3.05,3.07
"Singh, Shruti",PHYS 1BL,S219,22,14,71.4,78.6,3.64,3.36,3.67
"Singh, Shruti",PHYS 1BL,S219,18,7,66.7,83.3,4.50,3.50,3.67
"Kritsuk, Alexei",PHYS 1C,S219,46,11,63.6,72.7,7.41,3.27,3.28
"Singh, Shruti",PHYS 1CL,S219,24,7,71.4,100.0,4.50,3.43,3.57
"Mogre, Saurabh Sanjay",PHYS 2B,S219,101,31,96.7,89.7,9.15,3.26,2.90
"Chakraborty, Subrata",PHYS 2C,S219,94,20,90.0,80.0,7.70,3.20,3.03
"Rappel, Wouter Jan",PHYS 2CL,S219,52,19,37.5,93.8,13.44,3.00,3.16
"Shotwell, Brian",PHYS 2D,S219,20,7,100.0,100.0,10.79,3.29,3.33
"Gotti, Isabel Ro",POLI 10,S219,17,5,60.0,100.0,6.10,3.40,
"Nemerever, Zoe Mae",POLI 100I,S219,14,8,100.0,100.0,4.25,3.29,
"Kousser, Thad",POLI 103A,S219,15,4,100.0,100.0,5.50,3.75,
"Smith, Glenn Chatmas",POLI 104A,S219,29,6,100.0,100.0,5.83,3.80,3.48
"Ingham, Sean",POLI 118,S219,22,19,94.7,100.0,7.13,3.47,2.96
"Porten, John Joseph",POLI 12,S219,26,7,100.0,100.0,5.07,3.29,2.65
"Strom, Kaare",POLI 120E,S219,16,7,83.3,100.0,5.83,3.17,
"Porten, John Joseph",POLI 120N,S219,19,9,75.0,100.0,4.50,3.75,
"Fisk, David Lee",POLI 126AB,S219,24,7,100.0,100.0,5.93,3.80,3.14
"Gartzke, Erik",POLI 142A,S219,40,4,100.0,66.7,6.50,3.33,3.10
"Magagna, Victor Valentine",POLI 142K,S219,215,38,93.3,93.1,6.10,3.94,3.89
"Baragwanath Vogel, Kathryn",POLI 160AA,S219,27,13,100.0,100.0,5.00,3.54,3.25
"Geller, Emma Harlan",PSYC 1,S219,66,38,97.1,97.1,5.41,3.63,3.00
"Ferreira, Victor",PSYC 1,S219,26,19,94.7,94.7,6.50,3.24,3.11
"Breit, Kristen Rian",PSYC 102,S219,45,16,100.0,100.0,4.38,3.81,3.72
"Lowe, Angela Beth",PSYC 105,S219,72,58,93.1,98.3,5.74,3.20,3.06
"Winkielman, Piotr",PSYC 114,S219,35,13,100.0,100.0,3.90,3.70,3.65
"Anagnostaras, Stephan",PSYC 131,S219,28,20,95.0,95.0,2.80,3.65,3.76
"Lowe, Angela Beth",PSYC 136,S219,26,20,95.0,95.0,5.13,3.37,2.88
"Chung, Min-gi",PSYC 137,S219,22,21,100.0,100.0,4.79,3.19,3.18
"Root, Nicholas Bernard",PSYC 142,S219,9,7,100.0,100.0,4.50,3.43,
"Lacefield, Katharine I",PSYC 154,S219,49,42,95.2,97.6,5.77,3.43,3.30
"Kaplan, Paul",PSYC 164,S219,62,24,91.3,100.0,4.24,3.48,2.80
"Fletcher, Laura Michelle",PSYC 166,S219,17,11,88.9,100.0,3.39,3.67,
"Walker, Caren Michelle",PSYC 167,S219,14,13,100.0,92.3,5.58,3.54,
"Gorman, Michael R.",PSYC 172,S219,26,7,100.0,100.0,5.07,3.29,3.46
"Amemiya, Jamie L",PSYC 180,S219,21,20,95.0,95.0,4.40,3.90,3.72
"Anagnostaras, Stephan",PSYC 181,S219,85,68,94.1,91.2,4.79,3.37,3.07
"Rickard, Timothy C.",PSYC 191,S219,22,7,100.0,100.0,3.64,3.17,3.13
"Albright, Thomas D",PSYC 2,S219,82,35,81.3,77.4,4.98,2.81,2.46
"Rickard, Timothy C.",PSYC 60,S219,36,29,93.1,96.6,5.67,3.37,3.10
"Marchand, Elisabeth",PSYC 7,S219,38,34,97.1,94.1,3.97,3.47,3.51
"Geller, Emma Harlan",PSYC 70,S219,38,33,90.9,97.0,5.11,3.40,3.01
"Rahimi, Babak",RELI 157GS,S219,27,19,100.0,100.0,4.08,3.89,4.00
"Rahimi, Babak",RELI 158GS,S219,27,23,100.0,100.0,3.77,3.90,4.00
"Wang, Long",SE 1,S219,12,7,85.7,100.0,4.50,3.71,
"Eliasson, Veronica",SE 101B,S219,13,13,100.0,100.0,10.81,2.77,
"Abi Ghanem, Maroun",SE 101C,S219,13,9,100.0,88.9,8.94,2.89,
"Oberrecht, Stephen Patrick",SE 130B,S219,19,8,62.5,25.0,10.25,2.43,
"Reynolds, Mathew Peter",SE 150,S219,21,13,100.0,100.0,9.83,3.31,3.24
"Adams, Dave Kenneth",SE 154,S219,25,12,100.0,100.0,7.67,3.45,3.54
"Schiller, Brandon Vincent",SE 181,S219,23,23,100.0,100.0,9.63,3.30,3.53
"Giddings, Kimberly Ashlyn Ave",SIO 133,S219,32,31,96.8,96.8,5.85,3.27,3.25
"White, Margot Elizabeth",SIO 40,S219,26,25,100.0,100.0,4.74,3.84,3.93
"Kenworthy, Lane A.",SOCI 1,S219,17,6,100.0,100.0,5.83,3.50,
"Thorpe, Charles Robert",SOCI 100,S219,30,7,85.7,85.7,9.36,3.29,2.98
"Rogers, Julia Ellen",SOCI 118,S219,19,5,100.0,100.0,6.50,4.00,
"Pardo Guerra, Juan Pablo",SOCI 121,S219,36,8,62.5,62.5,2.50,3.63,3.51
"Thorpe, Charles Robert",SOCI 131,S219,18,7,100.0,100.0,6.21,3.71,
"Valasek, Chad Justin",SOCI 135,S219,33,10,100.0,88.9,5.30,3.67,3.60
"Zimmerman-Liu, Teresa Jean",SOCI 139,S219,36,16,83.3,91.7,5.67,3.82,3.73
"Jules-Rosette, Bennetta W.",SOCI 157,S219,19,17,94.1,93.8,6.88,3.63,
"Pardo Guerra, Juan Pablo",SOCI 30,S219,19,3,66.7,100.0,3.83,4.00,
"Meyer, Ursula",TDAC 1,S219,16,10,100.0,88.9,4.06,3.75,
"Walsh, Kim C.",TDAC 1,S219,17,14,100.0,100.0,2.79,3.92,
"Buescher, Stephen W.",TDAC 1,S219,20,13,100.0,100.0,1.83,4.00,3.86
"Harting, Carla Kelso",TDAC 1,S219,16,6,100.0,100.0,2.50,4.00,
"Harting, Carla Kelso",TDAC 101,S219,15,8,100.0,100.0,2.83,3.67,
"Fulton, Julia",TDAC 107,S219,16,7,100.0,100.0,7.30,4.00,
"Guirguis, Mark C",TDDE 1,S219,18,9,88.9,100.0,7.17,3.33,
"Jones, William Jadie",TDGE 1,S219,57,35,94.1,100.0,3.64,3.79,3.77
"Havis, Allan",TDGE 10,S219,46,16,81.3,87.5,2.75,3.67,2.66
"Tregar, Kristen Lauren",TDGE 11,S219,45,14,100.0,100.0,2.83,3.77,3.20
"Adler, Steven",TDGE 11,S219,46,13,80.0,80.0,5.05,3.78,3.30
"Walsh, Kim C.",TDGE 25,S219,17,12,91.7,100.0,6.00,3.91,
"Tregar, Kristen Lauren",TDHT 105,S219,18,9,100.0,100.0,4.50,3.88,
"Sammartano, Tonnie",TDMV 2,S219,36,17,100.0,100.0,0.90,3.93,3.95
"Arcidiacono, Kristin",TDMV 2,S219,34,9,100.0,100.0,2.79,4.00,3.84
"Arcidiacono, Kristin",TDMV 3,S219,35,12,100.0,100.0,2.17,3.78,3.76
"Newton, Joshua Dean",USP 1,S219,15,6,83.3,100.0,5.17,3.40,
"Dewey, Matthew D",USP 3,S219,20,14,92.9,92.9,3.93,3.50,3.41
"Vangenderen, Monique Luise",VIS 108,S219,22,9,100.0,100.0,6.21,3.86,3.81
"Shen, Kuiyi",VIS 127C,S219,90,23,72.2,77.8,5.13,3.47,3.22
"Zang, Zebulon",VIS 130,S219,17,17,100.0,100.0,6.15,3.65,
"Trigilio, Michael",VIS 194S,S219,30,23,95.7,95.7,4.93,3.45,3.62
"McCleary, Keith Long",WCWP 100,S219,17,15,80.0,100.0,14.64,3.57,
"Gagnon, Jeffrey C",WCWP 100,S219,16,7,85.7,100.0,11.36,3.50,
"Short, Vincent James",WCWP 10B,S219,16,14,85.7,100.0,9.64,3.21,
"Zimmerman-Liu, Teresa Jean",WCWP 10B,S219,14,13,84.6,100.0,8.81,3.31,
"Kolodezh, Samuel",WCWP 10B,S219,15,9,77.8,100.0,9.61,3.56,
"Goldstein, Paul S",ANAR 117,S119,17,7,100.0,100.0,1.36,4.00,
"Berman, Michael David",ANSC 122,S119,29,11,90.9,100.0,5.95,3.60,3.53
"Kozelka, Ellen Elizabeth",ANSC 148,S119,17,16,100.0,100.0,3.63,3.67,
"Howland, Matthew David",ANTH 101,S119,17,3,100.0,100.0,3.83,4.00,
"Hrvoj Mihic, Branka",ANTH 102,S119,30,13,100.0,100.0,3.12,3.77,3.34
"Kurian, Amrita Achamma",ANTH 21,S119,25,19,89.5,88.9,5.24,3.08,3.00
"Tiernan, Christa Michelle",AWP 10,S119,9,6,100.0,100.0,8.50,3.60,
"Abbasi, Shaghayegh",BENG 100,S119,30,9,66.7,100.0,7.39,3.11,2.70
"Cook, Orna",BIBC 100,S119,45,44,95.5,95.5,8.00,3.57,3.32
"Flagg, Matthew Paul",BIBC 102,S119,125,120,95.0,98.3,7.38,3.34,3.12
"Mak, Raymond Hengfai",BIBC 103,S119,9,9,100.0,100.0,6.94,3.78,
"Painter, Chelsea Danielle",BIBC 120,S119,42,32,93.8,96.9,6.81,3.23,2.76
"Cooper, Andrew Michael",BICD 100,S119,85,75,97.3,100.0,6.34,3.55,3.23
"Teodorof, Carmen",BICD 110,S119,54,36,94.4,94.4,7.94,3.50,3.13
"Puritty, Chandler Elizabeth",BIEB 121,S119,25,7,100.0,100.0,3.93,3.86,3.80
"Adomako, Marie Antonia",BILD 1,S119,102,89,93.3,94.3,6.84,3.35,3.16
"Saier, Milton H.",BILD 18,S119,20,6,50.0,50.0,4.17,3.50,2.81
"Rizk, Maryan Girgis Soliman",BILD 2,S119,114,52,100.0,95.9,5.86,3.63,3.57
"Rana, Brinda Kanti",BILD 20,S119,9,9,100.0,100.0,2.50,3.71,
"Butler, Shannon Rhey",BILD 3,S119,81,61,86.9,88.3,5.58,3.36,3.20
"Miller, Steven W.",BIMM 100,S119,60,30,93.3,96.7,7.63,2.97,2.61
"Bozinovic, Goran",BIMM 101,S119,29,8,100.0,100.0,9.00,2.88,3.14
"Alfonso, Stephanie Isabel",BIMM 110,S119,36,15,86.7,86.7,6.23,3.33,2.96
"Cooke, James Edward",BIPN 134,S119,111,40,100.0,100.0,7.00,3.36,2.89
"Gumm, Elizabeth Ashley",CAT 125R,S119,129,29,96.3,100.0,5.76,3.82,3.70
"Martinez, America",CGS 105,S119,7,4,100.0,100.0,6.00,3.00,
"Werner, Bradley T.",CGS 105,S119,7,4,100.0,100.0,6.00,3.00,
"Shaikh, Hina",CGS 112,S119,13,10,100.0,100.0,7.30,3.60,
"Berg, Kyle Robert",CHEM 11,S119,28,20,84.2,100.0,6.80,3.33,3.19
"Peacock, Riley",CHEM 40A,S119,93,84,85.7,90.5,10.43,3.04,2.76
"Weizman, Haim",CHEM 40B,S119,88,24,79.2,91.3,8.17,2.88,2.78
"Ternansky, Robert J.",CHEM 40C,S119,43,13,100.0,92.3,11.88,2.92,2.82
"Weizman, Haim",CHEM 43A,S119,142,37,65.7,70.6,10.28,3.03,3.04
"Hoeger, Carl",CHEM 6A,S119,56,13,75.0,75.0,9.33,2.83,2.84
"Leigh, Brian",CHEM 6B,S119,68,22,90.9,100.0,9.41,2.86,2.84
"Hoeger, Carl",CHEM 6C,S119,75,23,85.7,81.0,9.17,2.95,3.02
"Leigh, Brian",CHEM 7L,S119,92,32,80.6,93.5,7.50,3.23,3.03
"Allen, Michael Gordon",COGS 100,S119,57,54,83.3,88.9,6.69,3.25,3.34
"Bristol, Rachel Elizabeth",COGS 101A,S119,61,58,96.6,98.3,6.46,3.47,3.39
"Boyle, Mary E. T.",COGS 107A,S119,116,92,69.7,71.6,10.66,2.63,2.58
"Bardolph, Megan Dalene",COGS 109,S119,23,16,93.8,100.0,5.50,3.75,3.55
"Gao, Richard",COGS 118C,S119,33,29,93.1,100.0,8.07,3.64,3.66
"Johnson, Christine M.",COGS 143GS,S119,24,19,94.7,94.7,7.97,3.63,3.41
"Davis, Joshua Daniel",COGS 14A,S119,89,31,96.4,89.3,4.91,3.69,3.18
"Relaford-Doyle, Josephine",COGS 152,S119,29,22,95.2,100.0,4.98,3.67,3.53
"Boyle, Mary E. T.",COGS 17,S119,69,22,90.0,85.0,6.40,3.70,3.04
"Johnson, Christine M.",COGS 184GS,S119,24,19,100.0,100.0,7.45,3.53,3.36
"Dubee, Alex William",COMM 10,S119,48,16,80.0,100.0,4.37,3.82,3.64
"Palos Pons, Manel",COMM 100C,S119,22,20,100.0,100.0,5.20,3.55,3.55
"McKenna, Denise",COMM 107,S119,20,4,75.0,75.0,8.50,3.75,3.60
"Huang, Poyao",COMM 108A,S119,14,11,81.8,90.9,5.05,3.27,
"Havis, Allan",COMM 113T,S119,25,9,100.0,100.0,3.75,4.00,3.11
"Dewey, Matthew D",COMM 113T,S119,11,4,100.0,100.0,3.50,3.75,
"Boateng, Boatema",COMM 138,S119,13,4,75.0,75.0,8.00,3.25,
"Anderson, Patrick W.",COMM 190,S119,22,4,100.0,100.0,5.83,3.33,3.75
"Miranda, Gregory Joseph",CSE 11,S119,31,8,100.0,87.5,17.75,3.67,3.31
"August, Robert Henry",CSE 11,S119,27,6,66.7,83.3,7.17,3.50,3.03
"Pister, Kaiser Stefan",CSE 130,S119,27,5,100.0,100.0,10.10,3.20,3.22
"Powell, Thomas Allan",CSE 134B,S119,42,9,66.7,83.3,13.36,3.50,3.36
"Eldon, John",CSE 140,S119,61,17,88.2,76.5,7.32,3.35,3.01
"Eldon, John",CSE 140L,S119,75,20,88.9,88.9,9.17,3.78,3.53
"Tseng, Hung-Wei",CSE 141,S119,27,6,83.3,83.3,8.50,3.50,3.70
"Tseng, Hung-Wei",CSE 141L,S119,28,5,80.0,60.0,11.30,3.60,3.43
"Geumlek, Joseph Donald",CSE 151,S119,39,6,100.0,100.0,6.83,3.50,3.41
"Kumar, Rakesh",CSE 190,S119,23,10,88.9,88.9,5.17,3.89,3.46
"Bach, Quang Tran",CSE 20,S119,30,9,100.0,100.0,7.39,3.44,2.79
"Bach, Quang Tran",CSE 21,S119,40,15,92.3,84.6,6.33,3.31,2.66
"Miranda, Gregory Joseph",CSE 5A,S119,32,6,100.0,100.0,9.70,4.00,3.32
"Gupta, Anjum",CSE 7,S119,29,15,100.0,93.3,6.23,3.43,3.05
"Eldridge, Justin Matthew",DSC 40B,S119,33,10,100.0,100.0,6.90,3.30,3.09
"Abi Samra, Nicholas Camill",ECE 180,S119,30,11,100.0,100.0,6.14,3.91,3.53
"An, Cheolhong",ECE 180,S119,16,5,75.0,75.0,7.00,4.00,
"Shevchenko, Valentin I",ECE 45,S119,29,18,88.9,88.9,7.61,3.39,3.46
"Newhouse, Herbert S",ECON 100A,S119,59,9,75.0,87.5,8.25,3.13,2.73
"Levkoff, Steven B.",ECON 100B,S119,45,29,93.1,96.6,6.02,3.24,2.87
"Levkoff, Steven B.",ECON 100C,S119,64,40,91.9,91.9,7.87,3.11,2.77
"O, Mun Pyung",ECON 120B,S119,53,36,97.0,97.0,8.02,3.47,3.06
"O, Mun Pyung",ECON 120C,S119,76,34,90.6,90.6,7.06,3.39,3.00
"Krumholz, Samuel",ECON 2,S119,61,22,100.0,95.0,5.77,3.50,2.97
"Denislamova, Olga",ECON 3,S119,21,15,100.0,100.0,6.93,3.58,3.22
"Herbst, Matthew",ENVR 142GS,S119,18,8,100.0,100.0,6.25,3.63,
"Jones, Aundrey Maurice",ETHN 101,S119,9,5,100.0,100.0,5.70,3.75,
"Daly, Heather Marie",ETHN 112A,S119,14,5,100.0,100.0,4.90,3.40,
"Shaikh, Hina",ETHN 127,S119,11,9,88.9,88.9,5.83,3.88,
"Aguilar, Kevan Antonio",ETHN 131,S119,10,5,100.0,100.0,6.50,4.00,
"Padilla, Omar",ETHN 182,S119,34,30,96.6,100.0,4.90,3.76,4.00
"Saisi, Boke Nyaboke",ETHN 183,S119,11,6,80.0,60.0,3.30,3.80,
"Binkin, Nancy Jeanne",FMPH 191,S119,17,16,87.5,100.0,4.25,3.63,
"Kozelka, Ellen Elizabeth",GLBH 148,S119,24,19,94.7,100.0,5.03,3.56,3.67
"Jiao, Yupeng",HIEA 131,S119,29,12,100.0,100.0,5.41,3.13,3.56
"Kenny, Michael",HIEU 109,S119,27,7,85.7,100.0,5.93,3.29,3.15
"Wood, Lauren Elizabeth",HIEU 111,S119,28,9,88.9,100.0,4.00,3.38,3.52
"Parrish, Michael E.",HIEU 121GS,S119,28,18,94.1,100.0,7.09,3.33,3.30
"Tronzo, William",HIEU 124GS,S119,25,14,100.0,100.0,3.36,3.93,3.95
"Kefalas, Kalliopi",HIEU 136B,S119,10,9,77.8,88.9,6.28,3.25,
"Radcliff, Pamela B.",HIEU 151GS,S119,26,23,100.0,100.0,5.68,3.70,3.72
"Campos, Amie",HILA 113,S119,16,5,100.0,100.0,6.10,3.60,
"Morales Fontanilla, Manuel Antonio",HILA 114,S119,23,17,100.0,100.0,4.13,3.53,3.63
"Kokinis, Troy Andreas",HILD 14,S119,31,22,95.5,100.0,3.05,3.45,3.70
"Mack, Graeme",HILD 2A,S119,25,23,91.3,100.0,4.23,3.57,3.53
"Silverman, Reuben William",HINE 118,S119,15,9,88.9,100.0,6.94,3.56,
"Hineline, Mark Lawrence",HISC 105,S119,24,12,100.0,91.7,2.83,4.00,4.00
"Man, Simeon S",HITO 160GS,S119,13,7,100.0,100.0,2.79,3.57,
"Daly, Heather Marie",HIUS 108A,S119,12,4,100.0,100.0,4.50,3.00,
"Castaneda, Miguel Angel",HIUS 113,S119,20,4,100.0,100.0,5.00,3.50,3.48
"Man, Simeon S",HIUS 125GS,S119,13,7,100.0,100.0,2.79,3.57,
"Kwak, Nancy",HIUS 143GS,S119,24,8,100.0,100.0,5.36,3.67,3.75
"Aguilar, Kevan Antonio",HIUS 159,S119,13,6,83.3,83.3,5.83,3.83,
"Patterson, Patrick H.",HUM 3,S119,43,34,76.5,94.1,8.56,3.03,3.15
"Tronzo, William",HUM 3GS,S119,28,16,100.0,100.0,3.43,3.87,3.96
"Zroka, Amy Liane",HUM 4,S119,37,8,100.0,100.0,8.50,2.83,2.63
"Parrish, Michael E.",HUM 4GS,S119,28,18,100.0,100.0,7.72,3.13,3.50
"Caldwell, Michael Alan",HUM 5,S119,36,8,100.0,100.0,9.36,3.29,2.91
"Thompson, Katherine Anne Merit",HUM 5,S119,42,41,82.9,97.6,7.43,2.93,2.95
"Lettieri, Michael Joseph",INTL 190,S119,15,4,100.0,100.0,6.50,2.50,
"Lott, Margaret S.",LIGN 149GS,S119,16,14,100.0,100.0,5.12,3.77,
"Lott, Margaret S.",LIGN 9GS,S119,16,15,100.0,100.0,4.63,3.82,
"Jed, Stephanie H",LTCS 165,S119,33,18,100.0,100.0,8.15,3.88,4.00
"Abuelhiga, Soraya Jill",LTCS 173,S119,16,5,100.0,100.0,4.00,3.75,
"Boettcher, Carolin",LTEN 120,S119,15,11,100.0,100.0,6.86,3.57,
"Cortes, Luis Alberto",LTEN 157,S119,14,7,100.0,100.0,5.93,3.57,
"Springer, Anna Joy",LTWR 114,S119,11,3,100.0,100.0,15.83,4.00,
"Behrou, Reza",MAE 101A,S119,36,34,100.0,100.0,8.26,3.44,3.18
"Bahadori, Mohammad Yousef",MAE 101C,S119,35,17,87.5,81.3,7.43,3.00,2.53
"Bahadori, Mohammad Yousef",MAE 104,S119,23,10,100.0,77.8,8.06,3.44,3.26
"Bandaru, Prabhakar",MAE 105,S119,40,8,75.0,87.5,8.25,3.00,3.08
"Rajamanickam, Prabakaran",MAE 11,S119,27,10,80.0,55.6,11.10,3.10,3.24
"Ghazinejad, Maziar",MAE 131A,S119,42,31,100.0,100.0,7.15,3.30,3.33
"Lubarda, Marko",MAE 150,S119,36,15,93.3,86.7,10.10,2.87,2.97
"Lubarda, Marko",MAE 8,S119,23,10,100.0,100.0,6.50,3.86,3.60
"Strahl, Perry Robert",MATH 103A,S119,38,30,83.3,93.3,7.63,3.03,3.22
"Pelayo, Alvaro",MATH 103A,S119,39,20,95.0,95.0,8.10,3.30,2.88
"Pelayo, Alvaro",MATH 109,S119,33,12,91.7,91.7,9.33,3.27,2.58
"Anzaldo, Leesa B",MATH 109,S119,45,13,92.3,100.0,6.96,3.54,3.02
"Bowers, Adam R.",MATH 10A,S119,58,28,76.9,88.0,13.81,2.79,2.45
"Rotar, Vladimir",MATH 10B,S119,63,39,82.1,89.5,8.60,2.85,2.70
"Hammock, Frances H",MATH 11,S119,99,33,87.5,96.8,10.18,3.37,2.70
"Chow, Bennett",MATH 110A,S119,33,10,100.0,90.0,9.30,3.60,3.11
"Behzadan, Ali",MATH 142A,S119,106,33,90.0,93.3,8.30,3.27,3.08
"Wang, Lujia",MATH 142A,S119,25,10,62.5,62.5,10.00,3.13,2.51
"Stevens, Laura Jeanne",MATH 18,S119,153,105,88.3,99.0,8.83,3.10,2.51
"Rotar, Vladimir",MATH 193A,S119,59,34,81.8,84.4,8.19,3.16,3.33
"Ceccherini-Silberstein, Tullio",MATH 20A,S119,20,11,70.0,80.0,11.70,2.82,2.92
"Ceccherini-Silberstein, Tullio",MATH 20B,S119,41,8,100.0,100.0,7.50,3.13,2.37
"Tu, Yucheng",MATH 20C,S119,97,29,92.0,96.0,6.94,3.11,2.97
"Kitsela, Roman",MATH 20D,S119,132,51,91.5,95.7,6.83,3.48,2.86
"Strahl, Perry Robert",MATH 20E,S119,109,63,88.9,90.5,8.47,3.49,3.07
"Chow, Bennett",MATH 4C,S119,28,13,100.0,92.3,10.65,3.23,3.09
"Eberhard, Craig A",MGT 103,S119,64,63,98.4,98.4,3.83,3.59,3.08
"Houskeeper, Robert",MGT 131A,S119,39,34,100.0,97.1,6.32,3.35,2.83
"Anderson, John Charles",MGT 132,S119,23,22,86.4,95.5,8.79,3.55,3.19
"McKay, Michael J",MGT 16,S119,22,22,100.0,100.0,5.23,3.29,2.90
"McKay, Mary A",MGT 164,S119,63,61,91.8,93.4,6.47,3.29,2.98
"Hedges, Kathleen",MGT 172,S119,98,94,95.7,98.9,5.97,3.61,3.41
"McKay, Michael J",MGT 18,S119,66,59,91.5,96.6,5.33,3.53,2.93
"Pecore, Joseph P.",MGT 45,S119,67,65,100.0,98.5,6.78,3.41,3.15
"Houskeeper, Robert",MGT 5,S119,56,33,79.3,79.3,4.91,3.34,2.66
"Patterson, Patrick H.",MMW 121,S119,45,43,81.4,97.7,10.31,3.42,3.24
"Adamiak, Patrick John",MMW 14,S119,186,102,68.1,96.7,7.00,3.22,3.27
"Herbst, Matthew",MMW 14GS,S119,18,9,100.0,100.0,6.94,3.56,
"Radcliff, Pamela B.",MMW 15GS,S119,26,22,95.5,100.0,6.23,3.45,3.60
"Kwak, Nancy",MMW 15GS,S119,24,7,100.0,100.0,5.93,4.00,3.85
"Hochman, Joshua David",MUS 116,S119,19,9,87.5,100.0,2.72,4.00,
"Matsuno, Michael Kento",MUS 14,S119,11,4,100.0,100.0,3.83,4.00,
"Nussman, Jonathan Banks",MUS 15,S119,28,19,100.0,100.0,4.50,3.93,3.84
"Borgo, David Garcia",MUS 150,S119,34,20,76.5,87.5,8.39,3.63,3.76
"Abbasi Hafshejani, Anahita",MUS 5,S119,38,13,76.9,76.9,3.27,3.78,3.72
"Dubnov, Shlomo",MUS 7,S119,21,5,60.0,60.0,3.70,3.75,3.46
"Gutierrez Martinez, Andres",MUS 80,S119,22,8,71.4,85.7,1.93,3.60,3.63
"Kline, Matthew John",MUS 80,S119,12,4,100.0,100.0,8.50,3.00,
"Chaplin, Rosalind Kay",PHIL 1,S119,30,18,100.0,100.0,4.03,3.33,3.06
"Grush, Rick Scott",PHIL 10,S119,55,18,100.0,100.0,4.25,3.46,2.87
"Stratmann, Joseph Thomas",PHIL 13,S119,16,5,100.0,100.0,5.00,3.50,
"Knutzen, Jonathan",PHIL 163,S119,41,30,100.0,100.0,4.77,3.40,3.07
"Koepke, Cami Esther",PHIL 173,S119,23,15,93.3,93.3,6.63,3.62,3.03
"Finley, Aaron Daniel",PHIL 27,S119,79,54,81.1,90.6,6.06,3.30,3.51
"Chakraborty, Subrata",PHYS 1A,S119,59,13,61.5,69.2,6.19,3.42,3.13
"Dong, Bili",PHYS 1AL,S119,27,11,80.0,80.0,3.77,3.60,3.26
"Dong, Bili",PHYS 1AL,S119,29,5,80.0,60.0,3.30,3.20,3.26
"Rappel, Wouter Jan",PHYS 1B,S119,50,14,78.6,100.0,6.07,3.57,3.10
"Dong, Bili",PHYS 1BL,S119,27,4,66.7,66.7,2.50,3.67,3.50
"Dong, Bili",PHYS 1BL,S119,19,4,75.0,100.0,3.50,3.25,3.50
"Alvarez-Cabanillas, Miguel",PHYS 1C,S119,57,30,20.7,6.9,8.71,2.79,3.35
"Dong, Bili",PHYS 1CL,S119,28,5,66.7,66.7,5.83,4.00,3.27
"Dong, Bili",PHYS 1CL,S119,28,11,90.0,100.0,5.30,3.40,3.27
"Zdyrski, Thomas John",PHYS 2A,S119,88,29,74.1,80.8,8.72,2.93,2.74
"Mogre, Saurabh Sanjay",PHYS 2B,S119,86,28,63.0,85.2,9.46,2.56,2.62
"Fang, Zheng",PHYS 2BL,S119,52,19,61.1,72.2,15.39,3.56,3.32
"Rappel, Wouter Jan",PHYS 2C,S119,88,26,91.3,100.0,6.32,3.65,2.96
"Liu, Huchen",POLI 100A,S119,33,7,100.0,100.0,5.50,3.67,3.43
"Spangler, Liesel Ingrid",POLI 100B,S119,19,5,80.0,80.0,4.90,3.40,
"Galderisi, Peter",POLI 100E,S119,28,3,100.0,100.0,1.83,4.00,3.95
"Smith, Glenn Chatmas",POLI 104I,S119,34,7,100.0,100.0,4.79,3.71,3.38
"De Abreu Maia, Lucas",POLI 108,S119,26,11,100.0,100.0,3.59,3.55,3.85
"Ferree, Karen E",POLI 11,S119,30,6,80.0,80.0,5.30,3.40,2.90
"Magagna, Victor Valentine",POLI 113A,S119,287,63,98.3,100.0,4.53,3.98,3.88
"Bergman, Matthew Edward",POLI 126AA,S119,24,7,57.1,85.7,6.21,3.33,3.29
"Forman, Fonna",POLI 13,S119,30,9,100.0,100.0,3.17,3.67,3.65
"Bredell, Garrett Bailey",POLI 133A,S119,21,6,100.0,100.0,6.83,3.00,3.05
"Bredell, Garrett Bailey",POLI 133G,S119,27,7,100.0,83.3,4.50,3.33,3.31
"Cottiero, Christina Kearney",POLI 140A,S119,24,12,100.0,100.0,6.50,3.75,3.44
"Porten, John Joseph",POLI 145A,S119,45,7,100.0,100.0,4.17,3.50,3.13
"Fisk, David Lee",POLI 145C,S119,11,3,100.0,100.0,4.50,3.00,
"Merrell, Brandon",POLI 170A,S119,11,3,100.0,100.0,5.17,3.67,
"Galderisi, Peter",POLI 30,S119,27,10,90.0,100.0,5.90,3.00,3.00
"Merrell, Brandon",POLI 5,S119,23,5,80.0,100.0,7.30,3.60,2.70
"Sousa, Margarette Pamela-Burd",PSYC 1,S119,57,15,86.7,100.0,6.50,3.43,3.13
"Heyman, Gail D.",PSYC 101,S119,40,12,100.0,91.7,5.50,3.25,3.21
"Root, Nicholas Bernard",PSYC 104,S119,83,26,96.2,100.0,5.12,3.46,2.75
"Gorman, Michael R.",PSYC 106,S119,81,17,86.7,80.0,6.38,3.07,2.23
"Winkielman, Piotr",PSYC 114,S119,31,6,100.0,100.0,3.17,3.67,3.53
"Arnold, Andrew Joseph",PSYC 114,S119,25,18,100.0,94.1,5.06,3.53,3.60
"Moranton, Nirelia Melbina-",PSYC 122,S119,36,13,75.0,83.3,5.33,3.18,3.19
"Gasperi, Marianna",PSYC 124,S119,41,24,100.0,100.0,4.93,3.57,3.32
"Wixted, John T",PSYC 144,S119,21,19,94.7,100.0,5.87,3.58,3.34
"Wong, Lauren Hitomi",PSYC 147,S119,23,21,95.2,100.0,5.74,3.45,3.50
"Leong, Lim Man",PSYC 148,S119,20,19,88.9,77.8,3.72,3.50,2.90
"Willis, Jarryd Thomas",PSYC 155,S119,57,29,96.4,96.2,5.07,3.57,3.56
"Lacefield, Katharine I",PSYC 168,S119,60,53,98.1,98.1,5.07,3.39,3.34
"Ramachandran, Vilayanur S",PSYC 169,S119,20,3,0.0,0.0,1.50,4.00,2.63
"Glaser, Dale",PSYC 178,S119,30,10,100.0,100.0,4.28,3.30,3.06
"Anagnostaras, Stephan",PSYC 181GS,S119,28,25,100.0,100.0,2.90,3.79,3.96
"Fletcher, Laura Michelle",PSYC 182,S119,26,15,100.0,100.0,4.64,3.50,3.62
"Anagnostaras, Stephan",PSYC 186GS,S119,28,27,96.2,100.0,3.24,3.81,3.94
"Hanes, Esther",PSYC 190,S119,76,23,100.0,100.0,4.24,3.65,3.57
"Willis, Jarryd Thomas",PSYC 6,S119,63,25,95.7,95.7,3.54,3.52,3.03
"Lowe, Angela Beth",PSYC 60,S119,38,33,90.9,100.0,6.14,3.07,2.84
"Geller, Emma Harlan",PSYC 70,S119,30,26,96.2,96.0,4.65,3.17,2.72
"Amaddeo, Carmen",SE 130A,S119,32,7,100.0,100.0,10.21,3.57,3.08
"Cook, Geoffrey W",SIO 10GS,S119,18,18,100.0,100.0,2.83,3.89,
"Nagarkar, Maitreyi Dnyanadeep",SIO 132,S119,29,13,100.0,100.0,6.19,3.38,2.99
"Cook, Matthew James",SIO 15,S119,30,13,100.0,100.0,4.50,3.50,3.12
"Cook, Geoffrey W",SIO 170GS,S119,18,18,100.0,100.0,3.94,3.89,
"Ng, Kwai",SOCI 118E,S119,38,8,62.5,87.5,5.36,3.50,3.22
"Ribas Norris, Janet Vanesa",SOCI 153,S119,15,5,80.0,80.0,7.30,3.20,
"Ng, Kwai",SOCI 160E,S119,35,6,100.0,100.0,7.00,3.40,3.14
"Livingstone, Stacey Bryley",SOCI 184,S119,24,9,100.0,100.0,9.17,3.75,3.69
"Ribas Norris, Janet Vanesa",SOCI 60,S119,14,8,85.7,71.4,4.21,3.57,
"Salovey, Todd",TDAC 1,S119,20,10,100.0,100.0,2.90,3.90,3.91
"Javier, Nicole",TDAC 1,S119,20,20,100.0,100.0,2.50,3.94,4.00
"Harting, Carla Kelso",TDAC 101,S119,17,7,100.0,100.0,5.93,3.86,
"Guirguis, Mark C",TDDE 131GS,S119,12,5,100.0,100.0,5.70,3.80,
"Petrovich, Victoria A.",TDDE 169A,S119,15,13,100.0,100.0,5.12,3.92,
"Salovey, Todd",TDGE 1,S119,39,21,94.7,94.7,2.50,3.88,3.93
"Fulton, Julia",TDGE 10,S119,49,44,97.7,100.0,3.82,3.76,3.60
"Jones, William Jadie",TDGE 11,S119,37,32,96.9,93.8,2.69,3.91,3.61
"Havis, Allan",TDGE 124,S119,50,17,100.0,93.8,2.50,3.71,3.47
"Fulton, Julia",TDGE 124,S119,26,17,100.0,100.0,3.09,3.71,3.64
"Meyer, Ursula",TDGE 125,S119,27,7,83.3,83.3,1.93,3.43,3.58
"Guirguis, Mark C",TDGE 125GS,S119,12,4,100.0,100.0,5.00,3.50,
"Harting, Carla Kelso",TDGE 25,S119,12,7,100.0,100.0,3.64,3.86,
"Tregar, Kristen Lauren",TDHT 101,S119,20,17,100.0,100.0,5.09,3.82,3.89
"Arcidiacono, Kristin",TDMV 1,S119,36,9,100.0,100.0,1.25,4.00,3.91
"Arcidiacono, Kristin",TDMV 11,S119,28,5,100.0,100.0,2.00,4.00,3.95
"Caligagan, Maria T.",TDMV 142,S119,38,10,100.0,100.0,3.00,4.00,3.97
"Caligagan, Tony",TDMV 142,S119,44,13,100.0,100.0,3.00,3.92,3.84
"Caligagan, Tony",TDMV 146,S119,15,4,100.0,100.0,5.50,4.00,
"Sammartano, Tonnie",TDMV 2,S119,31,13,100.0,100.0,0.67,4.00,3.99
"Rincon, Alicia",TDMV 3,S119,25,4,100.0,100.0,0.50,4.00,4.00
"Rincon, Alicia",TDMV 3,S119,40,9,100.0,100.0,2.72,3.89,4.00
"Hajrasouliha, Amir Hossein",USP 124,S119,22,5,80.0,80.0,4.50,3.00,3.28
"Hajrasouliha, Amir Hossein",USP 191,S119,15,6,50.0,75.0,7.00,2.50,
"Hinds, Juli Beth",USP 2,S119,16,10,100.0,100.0,4.90,3.67,
"Li, Huai",VIS 105D,S119,22,5,100.0,100.0,4.90,4.00,3.80
"Rose, Jordan M",VIS 128C,S119,18,3,100.0,100.0,12.50,4.00,
"Anderson, Shane Nicholas",VIS 165,S119,20,3,100.0,100.0,6.50,4.00,3.76
"Zhao, Xing",VIS 21B,S119,44,30,77.8,84.0,5.19,3.45,3.37
"Anderson, Shane Nicholas",VIS 60,S119,51,12,100.0,100.0,4.32,3.63,3.48
"Zimmerman-Liu, Teresa Jean",WCWP 100,S119,17,15,93.3,100.0,11.30,3.27,
"Kolodezh, Samuel",WCWP 100,S119,15,10,90.0,100.0,7.70,3.30,
"Young, Mark T",WCWP 100,S119,8,3,66.7,66.7,8.50,2.67,
"Setoda, Kayleigh Kumiko",WCWP 10B,S119,17,12,83.3,100.0,6.50,3.18,
"Tocki, Jasmine Rae",WCWP 10B,S119,14,12,100.0,100.0,6.83,3.33,
"Odom, Mychal Matsemelaali",AAS 10,SP19,49,17,81.3,75.0,4.00,3.17,3.58
"Hill, Seth J",AIP 197DC,SP19,22,6,100.0,100.0,8.90,4.00,
"Wienhausen, Gabriele",AIP 197T,SP19,12,4,100.0,100.0,7.83,4.00,
"Howland, Matthew David",ANAR 104,SP19,18,11,81.8,80.0,9.05,3.00,
"Ben-Yosef, Erez",ANAR 114,SP19,20,9,55.6,66.7,4.72,3.00,3.76
"Shtienberg, Gilad",ANAR 115,SP19,11,3,100.0,100.0,9.50,4.00,
"Braswell, Geoffrey E.",ANAR 155,SP19,20,10,80.0,80.0,4.90,4.00,4.00
"Non, Amy L",ANBI 130,SP19,44,24,76.2,95.2,3.86,3.32,2.96
"Lew, Caroline Horton",ANBI 136,SP19,27,12,100.0,100.0,4.83,4.00,3.87
"Gagneux, Pascal",ANBI 139,SP19,70,36,100.0,100.0,4.33,3.71,3.32
"Non, Amy L",ANBI 149,SP19,10,4,100.0,100.0,4.50,4.00,
"Strum, Shirley C.",ANBI 174,SP19,12,3,100.0,100.0,2.50,4.00,
"Olivas Hernandez, Olga Lid",ANSC 106,SP19,37,12,90.9,72.7,2.32,3.73,3.54
"Saravia, Paula F",ANSC 106,SP19,37,12,90.9,90.9,2.32,3.73,3.54
"Fortier, Jana",ANSC 114,SP19,22,9,100.0,100.0,2.79,3.43,3.66
"Haviland, John B.",ANSC 122,SP19,44,12,63.6,60.0,6.83,2.91,3.09
"Csordas, Thomas J.",ANSC 139,SP19,28,14,84.6,61.5,3.42,3.33,3.32
"Postero, Nancy Grey",ANSC 140,SP19,33,11,90.9,100.0,5.77,3.55,3.52
"Kaiser, Bronwyn Nicole",ANSC 148,SP19,44,38,92.1,100.0,3.71,3.56,3.53
"Varma, Saiba",ANSC 149,SP19,30,23,91.3,100.0,4.76,3.50,3.80
"Jenkins, Janis A.",ANSC 150,SP19,5,3,100.0,100.0,9.83,3.50,
"Garth, Hanna Fitzmaurice",ANSC 184,SP19,29,12,90.0,100.0,4.70,3.50,3.39
"Hankins, Joseph D.",ANSC 186,SP19,28,5,100.0,100.0,3.70,3.20,3.37
"Goodman, Yehuda Chaim",ANSC 187,SP19,6,4,75.0,75.0,2.50,3.00,
"Jassal, Aftab",ANSC 188,SP19,14,13,100.0,100.0,5.12,3.92,
"Jassal, Aftab",ANSC 190,SP19,29,19,94.4,100.0,2.83,3.88,3.61
"Brenner, Suzanne A",ANTH 103,SP19,142,52,86.3,80.4,4.07,3.57,3.36
"Semendeferi, Ekaterini",ANTH 192,SP19,11,8,100.0,100.0,1.00,4.00,
"Semendeferi, Ekaterini",ANTH 196C,SP19,4,3,100.0,100.0,3.83,4.00,
"Hrvoj Mihic, Branka",ANTH 2,SP19,178,87,78.0,90.0,3.65,3.02,3.04
"Balaswaminathan, Sowparnika",ANTH 21,SP19,164,60,84.9,94.2,2.80,3.65,3.43
"Stewart, Alexander B",ANTH 23,SP19,162,118,87.2,94.9,3.01,3.43,3.18
"Kang, Byung Chu",ANTH 44,SP19,71,43,97.6,97.6,1.62,3.87,3.74
"Semendeferi, Ekaterini",ANTH 87,SP19,13,9,100.0,100.0,0.50,,
"Babcock, Joseph Diliberto",AWP 1,SP19,10,4,75.0,100.0,4.00,3.33,
"Christie, Veronica Ann",AWP 1,SP19,9,7,71.4,100.0,7.07,3.33,
"Fitzgerald, Rachelle Aloys",AWP 1,SP19,10,5,100.0,100.0,4.50,3.00,
"Given, William Allan",AWP 1,SP19,9,4,100.0,100.0,15.00,2.33,
"Naylor, Lisa Diane",AWP 1,SP19,9,6,100.0,100.0,9.50,2.50,
"Oliveri, Vincent",AWP 1,SP19,10,9,66.7,100.0,7.61,2.38,
"Powers, Sarah Elizabeth",AWP 1,SP19,10,6,83.3,100.0,6.50,2.80,
"Sheredos, Benjamin C",AWP 1,SP19,10,9,66.7,100.0,8.06,2.67,
"Tiernan, Christa Michelle",AWP 1,SP19,11,8,75.0,100.0,8.75,2.60,
"Tsurska Svetina, Olena",AWP 1,SP19,10,8,62.5,100.0,6.00,3.00,
"Wilson, Natalie Ann",AWP 1,SP19,10,10,80.0,90.0,8.90,3.14,
"Ajo, Frances Margaret",AWP 2B,SP19,26,26,92.3,100.0,7.42,3.33,2.18
"Bauer, Holly Jean",AWP 2B,SP19,13,12,100.0,91.7,7.17,3.44,
"Chandler, Bailee Daniele",AWP 2B,SP19,13,11,90.9,100.0,7.95,3.86,
"Coulter, Jane Elisabeth",AWP 2B,SP19,12,11,90.9,90.9,9.95,3.00,
"Eastin, Schuyler E.",AWP 2B,SP19,25,23,65.2,95.5,6.76,3.67,2.00
"Falcon, Jennifer A",AWP 2B,SP19,10,10,90.0,100.0,6.90,2.56,
"Haugh, Megan Nicole",AWP 2B,SP19,23,20,90.0,100.0,5.40,3.38,2.67
"Hiebert, Patricia M",AWP 2B,SP19,24,22,86.4,100.0,9.23,3.53,2.45
"Krizovensky, Jaclyn A",AWP 2B,SP19,26,23,86.4,100.0,8.68,3.36,2.45
"Miller, Alyssa R",AWP 2B,SP19,25,20,95.0,100.0,9.00,2.88,2.32
"Risvold, Ward Jay",AWP 2B,SP19,12,9,88.9,100.0,7.83,3.50,
"Sanders, Suzanne J",AWP 2B,SP19,24,24,87.5,100.0,7.83,3.50,2.13
"Steinberg, Stacy A",AWP 2B,SP19,25,24,83.3,100.0,6.08,3.64,3.06
"Tessier, Jillian Marie",AWP 2B,SP19,24,23,78.3,100.0,8.23,3.27,2.86
"Twohig, Niall Ivan",AWP 2B,SP19,26,24,95.8,100.0,6.83,3.27,3.12
"Vaughn, Kelsey Sara",AWP 2B,SP19,13,13,92.3,92.3,5.88,3.33,
"Yong, Peter A",AWP 2B,SP19,23,19,84.2,84.2,7.87,2.92,3.80
"Alexandrov, Ludmil B",BENG 100,SP19,174,80,60.0,80.0,7.38,3.14,2.87
"Huang, Xiaohua",BENG 102,SP19,41,22,70.0,55.0,6.90,3.50,3.41
"Fraley, Stephanie I.",BENG 103B,SP19,119,106,86.8,89.6,8.82,3.28,2.97
"Engler, Adam J.",BENG 112B,SP19,64,58,94.6,100.0,7.18,3.30,3.24
"Contijoch, Francisco",BENG 125,SP19,136,36,100.0,96.8,6.50,3.42,3.48
"Wheeler, Bruce Christopher",BENG 125,SP19,136,36,100.0,96.8,6.50,3.42,3.48
"Mali, Prashant Gulab Ram",BENG 133,SP19,43,33,78.1,93.8,7.69,3.21,3.27
"Broccard, Frederic Denis",BENG 140B,SP19,33,8,100.0,87.5,7.00,3.50,2.79
"Alvarez-Cabanillas, Miguel",BENG 140B,SP19,49,28,46.2,15.4,6.50,3.44,3.48
"Zhang, Kun",BENG 160,SP19,56,32,78.1,84.4,7.85,3.74,3.38
"Cabrales, Pedro",BENG 172,SP19,51,17,92.9,100.0,10.13,3.67,3.41
"Omens, Jeffrey Howard",BENG 172,SP19,51,17,92.9,100.0,10.13,3.67,3.41
"Bafna, Vineet",BENG 182,SP19,26,7,71.4,85.7,7.36,3.14,3.24
"Kwon, Ester Jihae",BENG 186A,SP19,101,71,82.6,92.8,6.38,3.49,3.26
"Wheeler, Bruce Christopher",BENG 187A,SP19,153,47,83.3,95.2,1.09,4.00,
"Wheeler, Bruce Christopher",BENG 187D,SP19,53,12,100.0,100.0,4.68,3.91,3.61
"Wheeler, Bruce Christopher",BENG 187D,SP19,55,9,88.9,100.0,3.39,4.00,3.61
"Contijoch, Francisco",BENG 189,SP19,17,17,94.1,100.0,6.97,3.24,
"Engler, Adam J.",BENG 193,SP19,19,9,100.0,100.0,6.50,4.00,
"Sah, Robert Lie-Yuan",BENG 87,SP19,11,3,100.0,100.0,0.50,,
"Omens, Jeffrey Howard",BENG 87,SP19,19,10,100.0,100.0,0.70,,
"Hui, Enfu",BIBC 100,SP19,232,178,86.4,92.0,7.14,3.45,3.29
"Bozinovic, Goran",BIBC 102,SP19,215,96,83.3,88.9,6.01,2.97,2.83
"Mohan, Swarna",BIBC 102,SP19,191,123,92.5,95.8,7.95,3.30,2.48
"Coleman, Aaron B.",BIBC 103,SP19,113,43,87.5,97.4,6.65,3.28,3.13
"Soowal, Lara",BIBC 103,SP19,18,8,100.0,100.0,7.36,3.29,
"Hampton, Randolph Y.",BIBC 120,SP19,410,168,86.5,90.4,5.54,3.22,3.24
"Mayfield, Stephen P.",BIBC 140,SP19,99,33,93.9,100.0,3.83,3.56,3.13
"Huffaker, Alisa",BIBC 151,SP19,22,16,100.0,100.0,3.88,3.93,4.00
"Schmelz, Eric Alexander",BIBC 151,SP19,22,16,100.0,100.0,3.88,3.93,4.00
"Reuther, Keefe",BICD 100,SP19,321,271,95.2,93.3,5.44,3.40,3.23
"Reuther, Keefe",BICD 100,SP19,320,255,94.4,94.8,5.03,3.52,3.23
"Forbes, Douglass Jane",BICD 110,SP19,184,148,93.8,95.9,6.38,3.50,3.21
"Lim, Byungkook",BICD 110,SP19,39,21,66.7,77.8,5.68,3.29,3.49
"Traver, David",BICD 112,SP19,64,48,87.2,95.7,6.20,3.28,3.41
"Yanofsky, Martin F.",BICD 123,SP19,32,13,81.8,100.0,8.50,3.36,3.35
"Zhao, Yunde",BICD 123,SP19,32,13,81.8,70.0,8.50,3.36,3.35
"Lu, Li-Fan",BICD 140,SP19,175,120,84.9,88.1,8.86,3.02,2.89
"Desai, Arshad",BICD 194,SP19,30,8,100.0,100.0,3.36,3.86,3.87
"Oegema, Karen",BICD 194,SP19,30,8,100.0,100.0,3.36,3.86,3.87
"Estelle, Mark",BICD 194,SP19,32,6,80.0,80.0,2.90,3.80,3.90
"Cleland, Elsa Eleanor",BIEB 121,SP19,32,14,92.9,92.9,4.79,3.57,3.40
"Roy, Kaustuv",BIEB 140,SP19,109,51,96.0,96.0,4.46,3.19,2.84
"Chao, Lin",BIEB 143,SP19,24,9,100.0,100.0,4.50,3.63,3.49
"Petrie, Katherine Lynn",BIEB 146,SP19,162,135,97.0,97.8,4.97,3.66,3.41
"Meyer, Justin Raymond",BIEB 152,SP19,245,186,90.8,92.9,5.48,3.38,3.08
"Stockwell, Sarah R",BIEB 154,SP19,41,26,92.3,96.2,6.12,3.27,2.92
"Patrick, Gentry",BILD 1,SP19,389,334,88.7,83.8,4.93,3.10,3.01
"Pekkurnaz Banghart, Gulcin",BILD 1,SP19,320,160,79.2,63.3,5.13,3.23,3.40
"Owens, Melinda Tsao-Ying",BILD 1,SP19,48,43,93.0,95.3,5.62,3.48,3.13
"Saier, Milton H.",BILD 18,SP19,124,79,54.7,65.3,3.11,2.88,2.84
"Wasserman, Steven A.",BILD 2,SP19,196,88,87.1,83.3,6.12,3.04,2.76
"Owens, Melinda Tsao-Ying",BILD 2,SP19,256,211,93.8,87.6,5.18,3.71,3.29
"Cooper, Kimberly Lynn",BILD 3,SP19,247,189,88.8,95.2,5.23,3.14,2.79
"Kurle, Carolyn M.",BILD 3,SP19,384,180,95.9,98.2,4.27,3.36,2.87
"Mel, Stephanie",BILD 4,SP19,176,136,90.3,98.5,3.00,3.77,3.78
"Mohan, Swarna",BILD 4,SP19,111,70,90.9,87.7,2.41,3.76,3.54
"Rifkin, Scott",BILD 60,SP19,45,19,83.3,100.0,4.50,3.75,3.50
"Bier, Ethan",BILD 7,SP19,169,54,76.0,88.0,3.26,3.20,3.02
"Saier, Milton H.",BILD 87,SP19,19,7,100.0,100.0,0.50,4.00,
"Pruneda-Paz, Jose L.",BIMM 100,SP19,318,144,87.2,90.1,6.14,3.30,2.88
"Farley, Emma Kristen",BIMM 100,SP19,48,40,97.5,95.0,5.85,3.31,2.79
"Burg, Michael",BIMM 100,SP19,384,345,96.2,96.2,5.72,3.39,3.12
"Burg, Michael",BIMM 101,SP19,46,40,87.5,92.5,6.60,3.43,3.49
"Cooper, Andrew Michael",BIMM 101,SP19,94,86,89.5,92.9,7.55,3.37,3.43
"Gustafson-Brown, Cindy",BIMM 101,SP19,10,9,100.0,87.5,7.50,3.14,
"McDonnell, Lisa Marie",BIMM 101,SP19,44,42,88.1,95.2,6.74,3.15,3.29
"Bozinovic, Goran",BIMM 101,SP19,43,23,90.5,95.0,6.60,3.00,3.05
"Day, Christopher D",BIMM 101,SP19,46,15,92.3,92.3,5.21,3.92,3.35
"Day, Christopher D",BIMM 110,SP19,251,103,95.8,94.7,5.24,3.38,3.34
"Gustafson-Brown, Cindy",BIMM 114,SP19,111,69,88.1,85.1,9.01,3.05,2.75
"Allen, Eric",BIMM 120,SP19,315,164,91.4,95.4,5.43,3.55,3.38
"Petrie, Katherine Lynn",BIMM 121,SP19,47,43,93.0,100.0,6.69,3.40,3.30
"Pirino, Giorgia",BIMM 121,SP19,93,84,92.7,96.3,7.36,3.43,3.51
"Grant, Barry J",BIMM 143,SP19,40,36,100.0,100.0,4.50,3.53,3.45
"Dutton, Rachel Janelle",BIMM 170,SP19,27,26,100.0,100.0,2.35,3.96,4.00
"Bafna, Vineet",BIMM 182,SP19,25,10,70.0,80.0,8.70,3.20,3.34
"Pruneda-Paz, Jose L.",BIMM 194,SP19,32,18,100.0,100.0,2.17,4.00,3.94
"Daugherty, Matthew Dorton",BIMM 194,SP19,32,24,100.0,100.0,2.41,3.91,3.87
"Cooke, James Edward",BIPN 100,SP19,132,54,86.8,92.5,7.65,3.04,2.60
"Cooke, James Edward",BIPN 100,SP19,190,87,92.9,89.4,6.31,3.29,2.60
"Fortes, P. A. George",BIPN 102,SP19,105,63,86.2,72.4,6.15,3.50,3.09
"Armour, Jon Christopher",BIPN 105,SP19,83,23,81.8,95.5,12.41,2.86,2.76
"Reyes Gonzalez, Catalina",BIPN 105,SP19,38,33,90.9,100.0,14.38,3.41,3.09
"Juavinett, Ashley Lauren",BIPN 145,SP19,19,10,100.0,100.0,8.10,3.40,
"Sejnowski, Terrence J",BIPN 147,SP19,28,8,100.0,85.7,4.79,3.86,3.29
"Leutgeb, Jill K.",BIPN 148,SP19,187,80,79.7,75.7,7.47,3.12,2.90
"Halpain, Shelley",BIPN 152,SP19,438,180,87.9,63.6,5.67,3.50,3.29
"Malinow, Roberto",BIPN 194,SP19,31,13,100.0,100.0,2.67,3.92,3.78
"Ackerman, Susan",BIPN 194,SP19,26,8,85.7,83.3,6.50,3.43,3.66
"French, Kathleen Ann",BISP 170,SP19,30,10,90.0,90.0,2.50,3.90,3.83
"McDonnell, Lisa Marie",BISP 195,SP19,35,12,100.0,100.0,0.50,4.00,
"McDonnell, Lisa Marie",BISP 195,SP19,31,12,100.0,100.0,0.70,4.00,
"McDonnell, Lisa Marie",BISP 195,SP19,23,8,87.5,100.0,1.50,4.00,
"Pantoja, Jennifer Metten",CAT 125,SP19,192,146,80.1,95.0,3.60,3.59,3.41
"Zhang, Kefei Kevin",CAT 125R,SP19,197,83,87.2,93.5,4.12,3.78,3.67
"Smith, Ashley Elizabeth",CAT 3,SP19,296,262,76.7,75.9,3.09,3.59,3.78
"Bigham, David Joseph",CAT 3,SP19,258,140,78.6,96.9,3.57,3.58,3.40
"Gumm, Elizabeth Ashley",CAT 3,SP19,235,132,59.4,83.6,4.00,3.49,3.48
"Bronstein, Phoebe Malan",CAT 3,SP19,253,239,79.8,88.2,4.77,3.62,3.48
"Bronstein, Phoebe Malan",CAT 87,SP19,12,9,100.0,100.0,2.25,,
"Opatkiewicz, Justin Paul",CENG 101C,SP19,82,80,92.5,97.5,7.95,3.04,3.05
"Shah, Nisarg",CENG 101C,SP19,27,20,73.7,47.1,9.76,2.89,3.23
"Drews, Aaron",CENG 113,SP19,86,68,91.2,98.5,10.82,3.13,2.92
"Chen, Zheng",CENG 113,SP19,22,19,89.5,89.5,7.66,3.26,3.14
"Powell, Alyssa",CENG 124B,SP19,99,58,81.5,100.0,5.08,3.77,3.76
"Russ, Benjamin Edward",CENG 124B,SP19,99,58,81.5,72.2,5.08,3.77,3.76
"Pokorski, Jonathan Kyle",CENG 134,SP19,48,23,100.0,90.5,4.88,3.45,3.23
"Opatkiewicz, Justin Paul",CENG 157,SP19,42,25,100.0,100.0,5.83,3.48,3.34
"Drews, Aaron",CENG 176B,SP19,51,23,95.7,95.7,5.20,3.74,3.45
"Zhang, Liangfang",CENG 176B,SP19,48,20,90.0,85.0,7.10,3.75,3.57
"Hankins, Joseph D.",CGS 100B,SP19,25,8,85.7,100.0,4.50,4.00,3.57
"Kheshti, Roshanak",CGS 112,SP19,24,10,100.0,100.0,3.90,3.25,3.73
"Icreverzi, Kimberly Heathe",CGS 113,SP19,19,9,100.0,100.0,4.94,3.75,
"Taylor-Garcia, Daphne",CGS 114,SP19,19,5,80.0,100.0,4.90,3.00,
"Hankins, Joseph D.",CGS 118,SP19,14,6,100.0,100.0,3.83,3.50,
"Whitley, Leila Marie",CGS 122,SP19,10,8,100.0,100.0,5.75,3.63,
"Whitley, Leila Marie",CGS 2B,SP19,40,31,100.0,100.0,3.79,3.74,3.67
"Hankins, Joseph D.",CGS 87,SP19,16,9,100.0,100.0,1.07,4.00,
"Slade, Jonathan",CHEM 100A,SP19,94,42,81.0,97.6,8.50,3.26,3.45
"Pomeroy, Robert S.",CHEM 100B,SP19,30,13,84.6,84.6,8.50,2.77,3.33
"Pomeroy, Robert S.",CHEM 100B,SP19,23,13,75.0,91.7,9.83,3.33,3.33
"Sinha, Amitabha",CHEM 105A,SP19,38,15,76.9,100.0,10.65,3.08,3.42
"Sinha, Amitabha",CHEM 105A,SP19,38,17,87.5,93.8,8.90,3.33,3.42
"Jennings, Patricia A.",CHEM 108,SP19,46,18,94.1,58.8,6.50,3.41,3.68
"Jennings, Patricia A.",CHEM 108,SP19,38,17,76.5,76.5,7.44,3.53,3.68
"Wang, Wei",CHEM 11,SP19,276,159,80.5,80.5,4.12,3.21,3.05
"Debelouchina, Galia T",CHEM 113,SP19,28,8,87.5,87.5,7.75,4.00,3.91
"Komives, Elizabeth A",CHEM 113,SP19,28,8,87.5,87.5,7.75,4.00,3.91
"Opella, Stanley J",CHEM 114A,SP19,103,77,86.8,71.1,4.24,3.58,3.19
"Joseph, Simpson",CHEM 114C,SP19,252,103,71.3,72.3,7.09,3.11,2.50
"Sailor, Michael Joseph",CHEM 120B,SP19,75,34,93.5,96.8,6.18,3.29,3.17
"Schimpf, Alina M",CHEM 123,SP19,14,4,100.0,100.0,6.50,3.75,
"Crowell, John E",CHEM 126,SP19,64,22,63.6,59.1,9.14,3.05,2.98
"Yuen Zhou, Joel",CHEM 127,SP19,165,107,77.4,88.7,8.12,3.09,2.95
"Xiong, Wei",CHEM 132,SP19,80,27,70.4,92.3,8.04,2.62,2.78
"Ternansky, Robert J.",CHEM 143B,SP19,129,62,75.4,54.4,7.45,3.00,3.25
"Weizman, Haim",CHEM 151,SP19,77,28,96.2,96.3,3.19,3.54,3.48
"Burkart, Michael D",CHEM 157,SP19,39,25,100.0,100.0,5.17,3.30,3.26
"Devaraj, Neal Krishna",CHEM 168,SP19,98,48,91.7,95.8,3.99,3.30,3.10
"Prather, Kimberly A",CHEM 173,SP19,64,24,91.3,82.6,6.07,2.82,3.15
"Dickson, Andrew Gilmore",CHEM 174,SP19,26,12,63.6,63.6,6.86,2.73,3.23
"Bussey, Thomas J",CHEM 188,SP19,11,3,100.0,100.0,3.83,4.00,
"Albizati, Kim F.",CHEM 40A,SP19,245,96,91.0,98.9,6.54,3.00,2.67
"Weizman, Haim",CHEM 40B,SP19,301,125,81.2,91.2,7.44,2.88,2.86
"Siegel, Dionicio R.",CHEM 40B,SP19,301,140,90.9,96.2,6.11,3.13,3.10
"Ternansky, Robert J.",CHEM 40C,SP19,142,65,75.9,92.9,8.15,2.91,2.72
"Hoeger, Carl",CHEM 40C,SP19,368,135,65.1,73.0,8.75,2.88,2.82
"Tor, Yitzhak",CHEM 40CH,SP19,95,49,95.7,97.8,6.54,3.67,3.55
"Klosterman, Jeremy K",CHEM 43A,SP19,244,216,74.3,77.6,8.11,3.23,3.14
"Klosterman, Jeremy K",CHEM 43A,SP19,215,195,77.1,79.2,8.09,3.34,3.14
"Deshmukh, Lalit",CHEM 6A,SP19,238,145,80.0,80.6,5.34,2.92,2.17
"Young, Mark",CHEM 6B,SP19,336,165,72.4,58.2,6.50,2.75,2.62
"Crowell, John E",CHEM 6B,SP19,181,66,59.7,42.6,7.05,2.77,2.45
"Debelouchina, Galia T",CHEM 6C,SP19,394,315,93.6,98.1,5.41,3.32,3.15
"Brydges, Stacey",CHEM 6C,SP19,422,215,87.3,93.6,5.58,3.28,3.14
"Lam, Tin Yiu",CHEM 6C,SP19,417,222,84.0,88.9,6.17,3.17,2.88
"Hoeger, Carl",CHEM 6C,SP19,184,101,81.9,75.3,7.36,2.90,2.82
"Bussey, Thomas J",CHEM 6C,SP19,88,47,91.3,100.0,5.37,3.15,2.97
"Kubiak, Clifford Paul",CHEM 6CH,SP19,59,31,83.3,90.0,6.44,3.42,3.28
"Schnoebelen, Carly Lynn",CHEM 7L,SP19,277,157,96.7,96.0,4.54,3.81,3.80
"Leigh, Brian",CHEM 7L,SP19,327,172,89.1,98.2,6.89,3.22,3.05
"Brydges, Stacey",CHEM 7LM,SP19,95,53,82.7,98.1,7.67,3.62,3.73
"Leigh, Brian",CHEM 87,SP19,15,11,100.0,100.0,0.90,4.00,
"Makale, Milan Theodore",CHEM 93,SP19,26,8,100.0,100.0,1.93,4.00,3.51
"Bussey, Thomas J",CHEM 96,SP19,23,10,100.0,100.0,3.61,3.75,3.58
"Xu, Li",CHIN 100CN,SP19,9,4,100.0,100.0,5.50,3.67,
"Chen, Pei-Chia",CHIN 10CD,SP19,23,9,100.0,100.0,3.64,3.71,3.75
"Chen, Pei-Chia",CHIN 10CD,SP19,26,13,100.0,100.0,6.17,3.64,3.75
"Xu, Li",CHIN 10CM,SP19,30,11,100.0,100.0,5.23,3.80,3.67
"Cha, Samuel",CHIN 10CN,SP19,27,8,100.0,100.0,8.25,3.60,3.39
"Cha, Samuel",CHIN 10CN,SP19,32,10,100.0,100.0,6.70,3.67,3.39
"Xu, Li",CHIN 165A,SP19,14,11,100.0,90.0,4.10,3.88,
"Wang, Xiao",CHIN 169B,SP19,8,4,100.0,100.0,3.50,4.00,
"Wang, Xiao",CHIN 20CD,SP19,10,7,100.0,100.0,3.50,4.00,
"Anderson, Qin-Hong",CHIN 20CN,SP19,17,17,100.0,100.0,3.09,3.91,
"Anderson, Qin-Hong",CHIN 20CN,SP19,17,13,100.0,100.0,4.35,3.80,
"Boyle, Mary E. T.",COGS 1,SP19,480,409,85.2,85.2,3.78,3.31,3.07
"Hollan, James D.",COGS 10,SP19,282,171,66.7,70.3,3.38,3.28,3.55
"Scott, Taylor Jackson",COGS 100,SP19,201,176,78.9,92.6,4.28,3.29,3.41
"Bristol, Rachel Elizabeth",COGS 101A,SP19,225,179,93.2,93.8,4.41,3.23,2.93
"Hoffman, Drew Ellen",COGS 101B,SP19,338,190,96.8,97.8,3.99,3.60,3.32
"Cooperrider, Kensy A",COGS 101C,SP19,158,60,94.6,100.0,3.89,3.55,3.38
"Scott, Taylor Jackson",COGS 102C,SP19,144,124,98.4,99.2,7.78,3.91,3.98
"Chiba, Andrea",COGS 107C,SP19,246,92,86.6,89.0,4.96,3.51,3.54
"Ellis, Shannon Elizabeth",COGS 108,SP19,301,238,96.1,98.7,5.33,3.73,3.77
"Ellis, Shannon Elizabeth",COGS 108,SP19,476,339,88.6,93.7,5.00,3.69,3.77
"Boroditsky, Lera",COGS 11,SP19,125,52,89.6,87.0,3.56,3.37,2.99
"Deak, Gedeon O.",COGS 115,SP19,74,20,83.3,88.9,5.87,3.11,2.89
"Tu, Zhuowen",COGS 118A,SP19,190,137,87.3,68.4,7.38,3.41,3.41
"Mukamel, Eran A",COGS 118C,SP19,48,33,90.6,96.9,8.44,3.39,3.15
"Saygin, Ayse P",COGS 119,SP19,17,7,83.3,66.7,3.83,3.83,
"Boroditsky, Lera",COGS 12,SP19,56,21,90.5,90.5,2.69,3.78,3.37
"Guo, Philip J",COGS 121,SP19,144,52,94.0,98.0,6.70,3.83,3.83
"Rossano, Federico",COGS 13,SP19,307,149,84.4,97.9,3.82,3.39,3.24
"Hoffman, Drew Ellen",COGS 14B,SP19,218,139,84.8,87.0,4.58,3.31,3.02
"Nunez, Rafael E",COGS 152,SP19,49,14,92.3,100.0,3.88,3.00,2.94
"Nunez, Rafael E",COGS 155,SP19,51,20,100.0,100.0,2.92,3.38,2.95
"Deak, Gedeon O.",COGS 160,SP19,7,4,0.0,0.0,0.00,,
"Nunez, Rafael E",COGS 160,SP19,20,8,75.0,87.5,6.25,2.25,2.70
"Rossano, Federico",COGS 160,SP19,34,23,100.0,100.0,3.63,3.67,3.62
"Chiba, Andrea",COGS 164,SP19,79,27,96.2,96.2,3.19,3.71,3.92
"Johnson, Christine M.",COGS 17,SP19,445,208,81.1,89.4,5.87,2.99,2.56
"Jernigan, Terry Lynne",COGS 178,SP19,53,23,90.5,95.2,2.50,3.89,3.83
"Coulson, Seana M",COGS 179,SP19,45,14,83.3,100.0,6.17,3.33,2.83
"Ellis, Shannon Elizabeth",COGS 18,SP19,275,222,94.9,98.6,5.36,3.50,3.58
"Tu, Zhuowen",COGS 181,SP19,148,78,93.5,90.9,5.66,3.72,3.55
"Johnson, Christine M.",COGS 184,SP19,37,10,100.0,100.0,7.25,3.88,3.16
"Leonardis, Eric Jeffrey",COGS 8,SP19,35,16,92.9,92.9,3.07,3.54,3.37
"Deak, Gedeon O.",COGS 87,SP19,20,6,83.3,100.0,0.50,,
"Dominguez Rubio, Fernando",COMM 10,SP19,150,61,72.9,72.4,5.82,3.08,2.75
"Gates, Kelly",COMM 100C,SP19,317,112,77.5,71.0,4.38,3.42,3.08
"Martinico, Daniel J",COMM 101D,SP19,20,8,100.0,100.0,6.50,3.57,3.66
"Ahn, Patricia Jeehyun",COMM 101T,SP19,25,3,100.0,100.0,8.50,4.00,3.77
"Campion, Camille E",COMM 102C,SP19,20,8,100.0,100.0,4.50,3.86,3.77
"Tanaka, Stefan A.",COMM 106C,SP19,40,9,88.9,100.0,6.72,2.88,3.12
"McKenna, Denise",COMM 106F,SP19,124,37,80.6,69.4,3.72,3.47,3.18
"Cordoba Azcarate, Matilde",COMM 106G,SP19,40,25,95.5,95.5,3.58,3.71,3.70
"Dewey, Matthew D",COMM 106V,SP19,40,15,83.3,90.9,4.19,3.31,3.17
"Huang, Poyao",COMM 108A,SP19,40,24,68.2,72.7,4.14,3.38,3.19
"Hickman, Louise",COMM 108D,SP19,39,21,85.0,90.0,4.21,3.57,3.34
"Guarrasi, Ivana",COMM 110T,SP19,41,19,100.0,100.0,5.32,3.82,3.69
"Tanaka, Stefan A.",COMM 112C,SP19,40,14,84.6,91.7,4.35,3.15,2.77
"Conner, Thomas Hartnell",COMM 113T,SP19,37,10,80.0,80.0,2.30,3.50,3.50
"Pezzoli, Keith",COMM 114J,SP19,56,12,83.3,100.0,5.23,3.45,3.57
"Serlin, David",COMM 114P,SP19,40,12,72.7,81.8,3.67,3.25,2.65
"Irani, Lilly C",COMM 124B,SP19,14,4,75.0,100.0,4.50,4.00,
"Davis, Zeinabu I.",COMM 132,SP19,48,13,91.7,100.0,3.50,3.75,3.51
"Ahn, Patricia Jeehyun",COMM 146,SP19,31,15,100.0,100.0,4.23,3.93,3.84
"Jack, Caroline Sarah",COMM 146,SP19,40,14,75.0,72.7,5.17,3.38,3.20
"Cortes, Diego M",COMM 146,SP19,42,26,100.0,96.0,3.81,3.77,3.54
"Serlin, David",COMM 153,SP19,40,11,81.8,90.9,3.41,3.64,3.23
"Zilberg, Elana",COMM 155,SP19,25,6,75.0,75.0,3.70,3.25,3.23
"Whitworth-Smith, Andrew C",COMM 162,SP19,27,24,100.0,100.0,3.08,3.71,3.31
"Iatarola, Briana Marie",COMM 175,SP19,43,15,93.3,93.3,4.77,3.40,3.58
"Goldfarb, Brian",COMM 190,SP19,23,7,100.0,100.0,4.83,3.71,3.47
"Gates, Kelly",COMM 190,SP19,23,8,87.5,75.0,4.50,3.88,3.73
"Zilberg, Elana",COMM 196B,SP19,10,5,100.0,100.0,12.90,3.80,
"Cao, Yingjun",CSE 100,SP19,191,121,86.3,77.8,14.88,2.96,3.05
"Cao, Yingjun",CSE 100,SP19,190,120,83.3,81.6,15.80,3.20,3.05
"Impagliazzo, Russell",CSE 101,SP19,151,59,85.7,66.1,8.43,3.06,2.95
"Jones, Miles E",CSE 101,SP19,150,34,74.2,87.1,8.89,2.84,2.77
"Jones, Miles E",CSE 101,SP19,150,54,84.3,82.4,9.46,2.82,2.77
"Lovett, Shachar",CSE 105,SP19,382,270,94.1,95.5,7.48,3.46,3.30
"Micciancio, Daniele",CSE 107,SP19,84,24,69.6,81.8,9.28,3.00,3.20
"August, Robert Henry",CSE 11,SP19,180,68,92.3,87.7,5.98,3.58,3.26
"Gillespie, Gary N",CSE 110,SP19,295,101,51.0,47.4,7.80,3.46,3.39
"Powell, Thomas Allan",CSE 112,SP19,151,35,96.9,96.9,7.83,3.61,3.59
"Gillespie, Gary N",CSE 12,SP19,133,62,92.9,69.1,13.31,3.25,3.05
"Zaitsev, Anna L",CSE 12,SP19,184,145,94.3,74.5,12.08,3.38,3.00
"Zaitsev, Anna L",CSE 12,SP19,175,139,89.8,74.5,11.40,3.38,3.00
"Voelker, Geoffrey M.",CSE 120,SP19,200,57,92.3,98.0,9.77,3.57,2.98
"Shalev, Aaron D",CSE 123,SP19,158,37,80.0,74.3,9.87,2.67,2.52
"Voelker, Geoffrey M.",CSE 125,SP19,30,10,100.0,100.0,14.50,4.00,4.00
"Savage, Stefan",CSE 127,SP19,220,53,95.9,98.0,8.26,3.38,2.96
"Jhala, Ranjit",CSE 130,SP19,197,46,93.2,90.9,8.82,3.42,3.27
"Bakst, Alexander Goldberg",CSE 131,SP19,47,15,92.9,85.7,8.36,3.40,3.37
"Cheng, Chung Kuan",CSE 140,SP19,185,54,70.2,68.1,7.90,3.55,3.24
"Cheng, Chung Kuan",CSE 140,SP19,180,54,69.6,67.4,8.15,3.11,3.24
"Chin, Bryan W.",CSE 140L,SP19,201,62,42.4,68.4,15.12,3.28,3.51
"Chin, Bryan W.",CSE 140L,SP19,76,30,31.0,48.3,15.21,3.18,3.51
"Tsaur, Lih-Feng",CSE 140L,SP19,74,24,21.7,45.5,14.50,2.68,3.10
"Tullsen, Dean Michael",CSE 141,SP19,100,53,81.1,84.9,7.54,3.16,3.01
"Eldon, John",CSE 141L,SP19,161,32,75.0,87.5,8.50,3.53,3.44
"Gupta, Rajesh K.",CSE 143,SP19,14,6,100.0,100.0,7.17,2.40,
"Chaudhuri, Kamalika",CSE 151,SP19,201,50,91.7,91.7,7.69,3.51,3.69
"Kriegman, David J",CSE 152,SP19,94,17,91.7,83.3,9.83,3.36,3.02
"Nakashole, Ndapandula",CSE 156,SP19,175,29,85.2,85.7,9.19,3.63,3.27
"Altintas De Callaf, Ilkay",CSE 15L,SP19,154,84,86.5,85.1,4.45,3.44,3.11
"Ochoa, Benjamin Lawrence",CSE 15L,SP19,136,72,86.6,97.0,3.72,3.54,3.27
"Ochoa, Benjamin Lawrence",CSE 15L,SP19,151,72,84.3,98.6,3.89,3.65,3.27
"Ochoa, Benjamin Lawrence",CSE 166,SP19,46,12,100.0,100.0,7.67,3.42,2.70
"Riek, Laurel D",CSE 176A,SP19,25,6,100.0,100.0,4.10,3.50,3.70
"Swanson, Steven James",CSE 176E,SP19,19,8,100.0,100.0,16.21,3.86,
"Bafna, Vineet",CSE 182,SP19,34,14,76.9,91.7,10.50,3.00,3.06
"Gymrek, Melissa Ann",CSE 185,SP19,98,81,93.8,97.5,8.75,3.51,3.36
"Schulze, Jurgen P.",CSE 190,SP19,40,8,100.0,100.0,9.64,3.86,3.77
"Kumar, Arun Kumar",CSE 190,SP19,40,33,96.9,100.0,8.94,3.62,3.66
"Kumar, Rakesh",CSE 190,SP19,48,47,95.7,97.9,5.95,3.67,3.50
"Impagliazzo, Russell",CSE 191,SP19,11,3,100.0,100.0,3.83,,
"Lerner, Ian Amihay",CSE 191,SP19,17,3,100.0,100.0,7.17,4.00,
"Halicioglu, Daniel T",CSE 191,SP19,37,9,88.9,88.9,0.72,4.00,4.00
"Minnes Kemp, Mor Mia",CSE 20,SP19,161,117,87.9,94.8,7.82,3.23,2.82
"Politz, Joseph Gibbs",CSE 20,SP19,163,125,87.8,97.5,7.91,3.35,2.87
"Jones, Miles E",CSE 21,SP19,146,57,86.8,90.6,7.14,3.43,3.17
"Bach, Quang Tran",CSE 21,SP19,164,64,94.9,98.3,8.09,3.52,2.92
"Alvarado, Christine J.",CSE 3,SP19,123,85,86.9,98.8,6.02,3.51,3.47
"Zaitsev, Anna L",CSE 3,SP19,126,84,65.4,72.8,4.65,3.43,3.10
"Ord, Richard",CSE 30,SP19,289,112,86.5,96.1,14.13,3.17,2.90
"Ord, Richard",CSE 30,SP19,204,85,86.4,92.5,13.88,3.16,2.90
"Cottrell, Garrison W",CSE 87,SP19,16,9,100.0,100.0,0.72,4.00,
"Howden, William E.",CSE 87,SP19,17,10,100.0,100.0,0.50,,
"Porter, Leonard Emerson",CSE 8A,SP19,146,90,88.4,96.5,7.69,3.14,2.93
"Porter, Leonard Emerson",CSE 8A,SP19,146,104,87.1,97.0,6.58,3.29,2.93
"Snoeren, Alex C.",CSE 8B,SP19,123,62,78.3,94.9,13.78,2.91,2.43
"Cao, Yingjun",CSE 8B,SP19,132,73,86.8,95.6,14.15,3.29,3.11
"Alvarado, Christine J.",CSE 95,SP19,81,60,82.5,91.2,2.04,4.00,
"Pass, Natalye Joann",DOC 100D,SP19,26,11,100.0,100.0,7.77,3.73,3.19
"Pass, Natalye Joann",DOC 100D,SP19,12,5,100.0,100.0,5.30,4.00,3.19
"Solomon, Amanda Lee Albaniel",DOC 3,SP19,287,270,64.4,93.3,4.49,3.25,3.44
"Johnston, Emily Ronay",DOC 3,SP19,276,253,65.6,94.4,3.79,3.28,3.41
"Strom, Megan C.",DOC 3,SP19,249,216,60.5,80.9,4.30,3.22,3.38
"Strom, Megan C.",DOC 3,SP19,237,215,57.5,77.1,3.91,3.30,3.38
"Tiefenbruck, Janine LoBue",DSC 10,SP19,103,46,88.6,79.5,7.68,3.50,2.96
"Tiefenbruck, Janine LoBue",DSC 10,SP19,79,37,96.9,93.8,8.25,3.53,2.96
"Zaslavsky, Ilya",DSC 170,SP19,51,14,100.0,100.0,11.17,3.56,3.66
"Twomey, Robert Daniel",DSC 20,SP19,152,59,88.9,85.2,9.02,3.20,2.80
"Langlois, Marina",DSC 30,SP19,224,86,72.2,78.7,15.01,3.16,2.66
"Quer, Giorgio",DSC 40A,SP19,73,37,85.3,84.8,8.85,3.24,2.89
"Eldridge, Justin Matthew",DSC 40B,SP19,86,26,88.5,92.3,6.27,3.04,3.26
"Eldridge, Justin Matthew",DSC 40B,SP19,23,7,83.3,100.0,6.17,3.33,3.26
"Fraenkel, Aaron Mcmillan",DSC 80,SP19,37,10,70.0,100.0,15.50,3.40,3.08
"Langlois, Marina",DSC 80,SP19,49,17,70.6,88.2,14.38,2.71,2.74
"Jemmott, Colin William",DSC 96,SP19,25,13,100.0,100.0,0.65,3.00,
"Dow, Steven P",DSGN 100,SP19,69,30,85.2,63.0,6.57,3.33,3.56
"Klemmer, Scott R",DSGN 119,SP19,68,20,88.2,47.1,0.75,4.00,
"Baghdadchi, Saharnaz",ECE 101,SP19,113,99,83.3,84.2,6.99,3.14,2.87
"Kuzum, Duygu",ECE 103,SP19,53,21,94.7,100.0,6.82,3.26,2.89
"Fullerton, Eric E",ECE 107,SP19,104,34,80.0,60.0,10.10,3.00,2.80
"Zeger, Kenneth A.",ECE 109,SP19,163,54,57.4,76.6,7.39,2.67,2.61
"Yip, Michael",ECE 115,SP19,13,10,100.0,100.0,10.94,3.80,
"Quest, Kevin B",ECE 120,SP19,59,19,94.4,94.4,3.94,3.39,3.36
"Sievenpiper, Daniel F.",ECE 123,SP19,37,15,100.0,100.0,6.81,3.75,3.16
"Esmaili, Gholamreza",ECE 124,SP19,18,6,100.0,100.0,13.17,3.50,
"Esmaili, Gholamreza",ECE 125B,SP19,26,10,100.0,100.0,9.83,3.22,3.22
"Taur, Yuan",ECE 135B,SP19,13,6,66.7,83.3,4.17,3.00,
"Tanaka, Atsunori",ECE 136L,SP19,13,6,100.0,100.0,8.50,3.00,
"Gessner, Richard K.",ECE 140B,SP19,39,27,66.7,80.8,9.17,3.44,3.52
"Khoshabeh, Ramsin",ECE 140B,SP19,39,27,66.7,92.3,9.17,3.44,3.52
"Gessner, Richard K.",ECE 141B,SP19,48,19,94.4,100.0,10.61,3.73,3.49
"Unpingco, Jose H.",ECE 143,SP19,100,58,100.0,100.0,6.46,3.89,3.80
"Phan, Alex Minh Giang",ECE 144,SP19,29,18,94.1,100.0,12.77,3.60,3.69
"Hildebrand, John A",ECE 145CL,SP19,12,4,100.0,100.0,5.83,4.00,
"de Oliveira, Mauricio",ECE 148,SP19,9,7,100.0,83.3,7.64,3.86,
"Silberman, Jack",ECE 148,SP19,9,7,100.0,100.0,7.64,3.86,
"Schurgers, Curt",ECE 15,SP19,99,78,91.0,97.4,8.99,3.15,2.89
"Pal, Piya",ECE 153,SP19,36,28,88.9,96.3,7.98,3.11,3.26
"Fazeli Chaghooshi, Arman",ECE 154C,SP19,7,5,100.0,100.0,8.90,4.00,
"Bharadia, Dinesh",ECE 157B,SP19,11,6,66.7,66.7,8.83,3.60,
"Schurgers, Curt",ECE 16,SP19,28,15,86.7,100.0,13.43,2.67,3.31
"Harris, Frederick Joel",ECE 161C,SP19,58,20,64.7,70.6,8.75,3.50,3.51
"Hsueh, Tzu-Chien",ECE 163,SP19,42,30,85.2,84.6,9.14,3.40,3.49
"Mercier, Patrick Philip",ECE 165,SP19,74,27,95.8,87.0,11.98,3.39,3.01
"Gessner, Richard K.",ECE 17,SP19,41,29,100.0,100.0,8.81,3.23,3.07
"Sworder, David D.",ECE 171A,SP19,118,46,64.4,48.9,7.36,3.18,3.09
"Abi Samra, Nicholas Camill",ECE 180,SP19,36,10,100.0,100.0,3.70,3.50,3.79
"Mookherjea, Shayan",ECE 183,SP19,12,10,70.0,90.0,11.30,2.90,
"Papen, George C.",ECE 185,SP19,7,5,80.0,100.0,11.30,3.50,
"Twomey, Robert Daniel",ECE 188,SP19,39,14,92.3,100.0,6.17,3.75,3.90
"Liu, Zhaowei",ECE 25,SP19,81,38,87.5,74.2,6.63,3.03,2.91
"Mir Arabbaygi, Siavash",ECE 30,SP19,159,83,64.6,72.5,7.29,2.76,2.58
"Ford, Joseph Earl",ECE 35,SP19,119,47,89.7,94.9,9.22,3.13,2.35
"Franceschetti, Massimo",ECE 45,SP19,127,82,82.1,77.6,6.65,3.18,2.66
"Eldon, John",ECE 5,SP19,68,19,93.3,93.3,5.57,3.87,3.52
"Gilja, Vikash",ECE 5,SP19,68,19,93.3,93.3,5.57,3.87,3.52
"Nguyen, Truong Quang",ECE 5,SP19,68,19,93.3,100.0,5.57,3.87,3.52
"Baghdadchi, Saharnaz",ECE 65,SP19,158,130,88.0,91.9,7.29,2.97,2.52
"Candido, Maria Teresa",ECON 1,SP19,229,79,91.8,93.2,3.87,3.54,2.94
"Sinitsyn, Maxim",ECON 100A,SP19,137,81,74.1,80.2,6.45,2.99,2.32
"Sinitsyn, Maxim",ECON 100A,SP19,136,90,82.0,88.8,5.93,3.09,2.32
"Tocoian, Oana",ECON 100B,SP19,159,70,80.6,77.6,6.92,3.24,2.91
"Tocoian, Oana",ECON 100B,SP19,143,69,90.6,81.0,5.83,3.47,2.91
"Du, Songzi",ECON 100C,SP19,42,12,100.0,72.7,4.68,3.40,2.74
"Du, Songzi",ECON 100C,SP19,48,22,66.7,61.1,7.61,2.72,2.74
"Levkoff, Steven B.",ECON 100C,SP19,70,50,91.8,95.9,5.81,3.26,2.85
"Levkoff, Steven B.",ECON 100C,SP19,120,72,95.8,95.8,7.39,3.30,2.85
"Bowen, T. Renee",ECON 106,SP19,17,4,75.0,100.0,4.00,3.25,
"Rondina, Giacomo",ECON 110A,SP19,118,80,89.6,88.3,6.18,3.25,2.67
"Rondina, Giacomo",ECON 110A,SP19,142,93,84.8,89.1,5.51,3.14,2.67
"Candido, Maria Teresa",ECON 110B,SP19,235,75,97.1,98.6,7.49,3.45,2.88
"Rondina, Giacomo",ECON 112,SP19,24,16,100.0,100.0,6.25,3.25,3.26
"Nieto-Barthaburu, Augusto",ECON 120A,SP19,59,38,90.9,87.9,4.08,3.29,2.71
"Nieto-Barthaburu, Augusto",ECON 120A,SP19,146,84,96.2,96.2,4.43,3.38,2.71
